Circulation by Material Language,,,,,,,,,,,,,,,,,,,,,,,,,,,,,,,,,,,,,,,,,,,,,,,,,,,,,,,,,,,,,,,,,,,,,,,,,,,,,,,,,,,,,,,,,,,,,,,,,,
,,,January to December 2019,,,,,,,,,,,,January to December 2018,,,,,,,,,,,,January to December 2017,,,,,,,,,,,,January to December 2016,,,,,,,,,,,,January to December 2015,,,,,,,,,,,,January to December 2014,,,,,,,,,,,,January to December 2013,,,,,,,,,,,,January to December 2012,,,,,,,,,,,
,,,ENGLISH,,,,FRENCH,,,,MULTILINGUAL,,,TOTAL,ENGLISH,,,,FRENCH,,,,MULTILINGUAL,,,TOTAL  ,ENGLISH,,,,FRENCH,,,,MULTILINGUAL,,,TOTAL,ENGLISH,,,,FRENCH,,,,MULTILINGUAL,,,TOTAL,ENGLISH,,,,FRENCH,,,,MULTILINGUAL,,,TOTAL,ENGLISH,,,,FRENCH,,,,MULTILINGUAL,,,TOTAL,ENGLISH,,,,FRENCH,,,,MULTILINGUAL,,,TOTAL  ,ENGLISH,,,,FRENCH,,,,MULTILINGUAL,,,TOTAL  
ID,Branch Name,Tier,Child,Teen,Adult,Total ENG,Child,Teen,Adult,Total FRE,Child,Adult,Total MLC,All Languages,Child,Teen,Adult,Total ENG,Child,Teen,Adult,Total FRE,Child,Adult,Total MLC,All Languages,Child,Teen,Adult,Total ENG,Child,Teen,Adult,Total FRE,Child,Adult,Total MLC,All Languages,Child,Teen,Adult,Total ENG,Child,Teen,Adult,Total FRE,Child,Adult,Total MLC,All Languages,Child,Teen,Adult,Total ENG,Child,Teen,Adult,Total FRE,Child,Adult,Total MLC,All Languages,Child,Teen,Adult,Total ENG,Child,Teen,Adult,Total FRE,Child,Adult,Total MLC,All Languages,Child,Teen,Adult,Total ENG,Child,Teen,Adult,Total FRE,Child,Adult,Total MLC,All Languages,Child,Teen,Adult,Total ENG,Child,Teen,Adult,Total FRE,Child,Adult,Total MLC,All Languages
AG,Agincourt,DL,"179,027","17,461","263,334","459,822","5,727",11,"2,344","8,082","9,284","85,402","94,686","562,590","194,562","18,182","288,554","501,298","5,910",32,"2,170","8,112","11,293","102,445","113,738","623,148",188960,17141,280604,486705,7623,32,1740,9395,9943,115183,125126,621226,220919,13760,306199,540878,7379,35,1441,8855,14775,147506,162281,712014,255210,20448,356246,631904,8330,46,1535,9911,16954,184903,201857,843672,270536,24592,383292,678420,7176,40,1845,9061,22342,224625,246967,934448,300361,27292,422105,749758,8397,199,1978,10574,27274,265824,293098,1053430,285728,27809,423474,737011,6656,85,1961,8702,31437,284287,315724,1061437
ACD,Albert Campbell,DL,"68,197","8,655","125,911","202,763","1,583",1,"1,148","2,732","1,442","12,624","14,066","219,561","93,941","10,121","173,949","278,011","2,114",25,"1,589","3,728","2,361","19,755","22,116","303,855",97193,12103,193585,302881,2706,23,1742,4471,2648,28066,30714,338066,103789,12442,202287,318518,3399,5,1433,4837,2611,34544,37155,360510,112126,13855,206012,331993,3107,19,1341,4467,2749,41243,43992,380452,116312,15212,210662,342186,2853,3,1282,4138,3719,47981,51700,398024,120766,15225,220080,356071,3012,10,1223,4245,4477,55548,60025,420341,123538,17617,227828,368983,2687,17,1367,4071,5491,68078,73569,446623
AB,Albion,DL,"106,212","11,361","156,840","274,413","1,689",16,713,"2,418","1,515","22,028","23,543","300,374","113,691","11,820","172,816","298,327","2,018",8,844,"2,870","1,273","26,066","27,339","328,536",107504,11909,156592,276005,2087,26,945,3058,1370,29198,30568,309631,101802,12422,152491,266715,1789,37,700,2526,1521,29845,31366,300607,120135,14748,174331,309214,2209,18,639,2866,2094,39590,41684,353764,134915,16689,189216,340820,2403,6,695,3104,2831,51493,54324,398248,163484,22641,209330,395455,2011,49,769,2829,3715,64777,68492,466776,184378,27309,207614,419301,3521,18,892,4431,4580,86923,91503,515235
AD,Alderwood,NL,"55,652","2,555","73,170","131,377","14,749",45,294,"15,088",299,983,"1,282","147,747","56,691","2,571","80,947","140,209","13,880",63,384,"14,327",311,"1,017","1,328","155,864",57465,2256,83341,143062,13544,38,533,14115,116,1290,1406,158583,55947,3075,88480,147502,14904,63,867,15834,130,1411,1541,164877,57483,3476,91626,152585,14410,94,619,15123,61,1253,1314,169022,64612,3700,92851,161163,13279,24,388,13691,84,1652,1736,176590,64911,3447,94831,163189,13593,17,400,14010,196,1193,1389,178588,61170,4183,90645,155998,12997,11,441,13449,124,1479,1603,171050
AP,Amesbury Park,NL,"31,714","2,562","44,964","79,240",598,2,58,658,227,"6,029","6,256","86,154","31,435","2,253","44,282","77,979",708,10,141,850,135,"6,137","6,272","85,101",20799,1310,27808,49917,187,1,38,226,208,4847,5055,55198,44160,3192,50212,97564,333,3,92,428,258,8521,8779,106771,47623,3478,58493,109594,307,3,68,378,205,10806,11011,120983,54704,4610,67968,127282,368,3,96,467,352,13135,13487,141236,54918,5655,74116,134689,599,0,98,697,387,15418,15805,151191,57973,7820,77112,142905,765,0,244,1009,438,19546,19984,163898
AN,Annette Street,NL,"67,996","5,395","122,212","195,603","2,630",10,"1,070","3,710",282,"1,803","2,085","201,398","67,575","4,486","123,694","195,755","2,797",5,"1,267","4,069",287,"1,365","1,652","201,476",78534,4388,160078,243000,3514,35,1722,5271,428,1728,2156,250427,72263,4095,140451,216809,2898,20,1176,4094,307,2199,2506,223409,69724,4409,140733,214866,2650,28,1199,3877,311,2096,2407,221150,61644,3066,121746,186456,2370,0,1146,3516,221,1982,2203,192175,64360,3762,136391,204513,2979,6,989,3974,341,3454,3795,212282,70081,4837,156256,231174,2753,7,1874,4634,459,4359,4818,240626
AH,Armour Heights,NL,"61,763","5,564","144,059","211,386",450,6,467,923,131,987,"1,118","213,427","61,622","4,800","145,722","212,144",652,5,471,"1,128",73,668,741,"214,013",59423,3912,136979,200314,1068,1,267,1336,104,874,978,202628,58306,3139,130119,191564,573,5,305,883,115,953,1068,193515,59599,3884,132735,196218,512,1,432,945,67,1017,1084,198247,62297,4604,123459,190360,429,5,380,814,57,837,894,192068,63254,6489,135337,205080,525,5,585,1115,105,1104,1209,207404,56325,7267,138182,201774,706,11,829,1546,87,1083,1170,204490
BF,Barbara Frum,DL,"180,303","13,699","272,434","466,436","2,582",23,"2,311","4,916","1,324","9,997","11,321","482,673","188,740","14,935","279,721","483,397","2,486",2,"2,732","5,219","1,604","13,182","14,786","503,402",193404,14893,294541,502838,2443,6,2820,5269,1582,17824,19406,527513,201380,13927,306390,521697,2651,14,2479,5144,1755,17687,19442,546283,219347,14896,322283,556526,2838,20,1919,4777,1990,20162,22152,583455,220455,15107,322256,557818,3025,20,1884,4929,1721,20635,22356,585103,222059,15219,344027,581305,2994,19,1600,4613,2323,25041,27364,613282,227481,19504,359761,606746,4108,9,1907,6024,3009,32126,35135,647905
BY,Bayview,NL,"147,234","9,332","213,527","370,093","3,687",20,"2,038","5,745","3,685","18,256","21,941","397,779","156,319","9,619","231,942","397,880","3,719",43,"2,157","5,919","3,400","21,969","25,369","429,168",157819,9556,253977,421352,3857,25,2037,5919,3369,24470,27839,455110,137376,8844,236266,382486,3224,27,2275,5526,3402,22455,25857,413869,118651,8800,217863,345314,2997,33,1982,5012,2928,21735,24663,374989,140454,9178,262510,412142,2733,38,2486,5257,3469,31999,35468,452867,148125,10504,292900,451529,2604,25,2693,5322,4899,37785,42684,499535,130443,9380,252444,392267,1776,9,2120,3905,5589,31891,37480,433652
BE,Beaches,NL,"74,036","4,605","202,960","281,601","2,881",31,"1,182","4,094",350,"1,278","1,628","287,323","70,349","5,222","208,192","283,741","2,903",49,"1,404","4,378",395,"1,304","1,699","289,818",75335,5231,225972,306538,3269,54,1976,5299,616,1571,2187,314024,74815,6180,244226,325221,3327,45,1694,5066,582,1543,2125,332412,73709,6419,269987,350106,2684,43,1412,4148,446,1657,2103,356357,74016,6786,260590,341392,2601,6,1481,4088,563,1349,1912,347392,77042,6472,258965,342479,2822,20,1505,4347,372,1766,2138,348964,78536,6491,249555,334582,3395,26,1535,4956,340,2022,2362,341900
BD,Bendale,NL,"39,469","3,079","66,295","108,843",165,,155,320,643,"4,577","5,220","114,383","38,890","3,319","74,197","116,429",145,28,195,345,519,"5,204","5,723","122,497",36128,3262,76689,116079,243,5,275,523,411,6579,6990,123592,44350,3809,85294,133453,191,4,110,305,297,7427,7724,141482,45456,3853,88845,138162,213,10,99,314,485,8158,8643,147119,49738,3536,95978,149252,566,6,138,710,507,10532,11039,161001,57533,4915,108821,171269,558,3,157,718,799,11698,12497,184484,63678,6187,114940,184805,727,10,169,906,1053,13365,14418,200129
BC,Black Creek,NL,"25,555","2,701","43,316","71,572",115,8,121,244,367,"7,688","8,055","79,871","25,644","2,543","48,486","76,676",191,3,111,302,311,"8,890","9,201","86,179",28220,3111,54791,86122,563,3,228,794,255,10197,10452,97368,28524,3885,57878,90287,632,5,190,827,443,12064,12507,103621,29171,4608,59191,92971,754,3,131,887,489,15240,15729,109587,31829,7134,56373,95336,947,6,113,1066,606,17504,18110,114512,31440,5783,55028,92251,1139,1,151,1291,405,16421,16826,110368,40383,7545,69691,117619,1151,9,184,1344,610,18799,19409,138372
BL,Bloor Gladstone,DL,"113,977","9,891","228,212","352,080","5,728",56,"2,359","8,143","1,530","11,041","12,571","372,794","111,294","9,405","226,065","346,737","5,215",6,"2,465","7,713","1,672","13,130","14,802","369,252",111615,10298,241840,363753,5399,29,2623,8051,1849,14712,16561,388365,116135,11023,256867,384025,5318,18,2537,7873,1900,17190,19090,410988,120714,11449,283490,415653,4836,25,2637,7498,1905,21390,23295,446446,117097,11617,279376,408090,5028,17,2571,7616,1987,24508,26495,442201,124449,12821,297367,434637,4919,28,3287,8234,2788,31627,34415,477286,119968,14120,300377,434465,4448,9,3320,7777,2748,34959,37707,479949
BR,Brentwood,DL,"123,533","6,448","264,971","394,952","5,169",47,"3,198","8,414","1,352","5,150","6,502","409,868","127,477","5,957","270,776","404,210","4,956",121,"2,860","7,937","1,062","5,507","6,569","418,716",126712,6260,285799,418771,4918,155,2650,7723,786,5800,6586,433080,121243,6423,279975,407641,4476,116,2317,6909,917,5485,6402,420952,117103,6544,274872,398519,4665,101,2163,6929,537,5144,5681,411129,110479,7630,274523,392632,5199,82,2297,7578,477,5274,5751,405961,115260,7833,282691,405784,5687,112,2392,8191,779,5336,6115,420090,28621,2194,70616,101431,1438,43,759,2240,233,2097,2330,106001
BRW,Bridlewood,NL,"115,408","10,541","158,096","284,045","3,653",6,947,"4,606","6,160","51,320","57,480","346,131","139,929","12,912","187,459","340,300","3,518",12,"1,567","5,097","8,577","65,175","73,752","419,149",126679,11577,170258,308514,3979,9,1322,5310,8322,63355,71677,385501,136232,12735,188641,337608,3716,9,1420,5145,8470,69020,77490,420243,143974,14088,196877,354939,4113,8,1091,5212,9576,79472,89048,449199,150168,15392,212470,378030,3168,20,984,4172,11437,100153,111590,493792,154955,18532,224086,397573,2888,25,1036,3949,11330,109692,121022,522544,146445,21706,226299,394450,2239,24,1164,3427,12141,108707,120848,518725
BB,Brookbanks,NL,"57,282","3,653","82,651","143,586","2,151",9,977,"3,137",851,"4,317","5,168","151,891","56,016","3,049","88,930","148,008","1,794",26,"1,305","3,112","1,013","4,703","5,716","156,836",55290,3714,92763,151767,2386,29,1267,3682,1012,4930,5942,161391,56433,3827,97183,157443,2090,36,1105,3231,701,5532,6233,166907,58163,4799,105110,168072,2132,33,1089,3254,754,7185,7939,179265,63852,5085,109472,178409,1933,28,1267,3228,1506,8624,10130,191767,68757,6574,112416,187747,2198,62,1331,3591,1393,10561,11954,203292,68626,6147,109685,184458,2467,44,1193,3704,1887,12105,13992,202154
BUR,Burrows Hall,NL,"48,091","6,587","52,257","106,935","1,192",7,432,"1,631",902,"13,789","14,691","123,257","44,629","6,442","54,716","105,787",809,1,552,"1,362",941,"15,652","16,593","123,742",50548,7172,59440,117160,812,5,314,1131,1238,21902,23140,141431,57257,6565,65598,129420,775,6,280,1061,1560,23697,25257,155738,64649,7926,73657,146232,767,2,325,1094,1783,29543,31326,178652,69186,7997,79441,156624,1053,1,251,1305,2451,33214,35665,193594,74727,9229,83430,167386,1118,5,431,1554,2545,36266,38811,207751,75234,10476,89004,174714,930,25,481,1436,3357,39379,42736,218886
CED,Cedarbrae,DL,"140,861","12,548","184,301","337,710","3,932",82,"1,326","5,340","3,000","28,893","31,893","374,943","151,809","11,398","189,424","352,631","3,997",118,"1,720","5,835","2,513","33,347","35,860","394,326",160155,11384,208558,380097,4630,88,1674,6392,2734,41607,44341,430830,181476,12241,231294,425011,4760,61,1561,6382,2348,51642,53990,485383,197564,15525,240574,453663,5011,56,1471,6538,2803,59250,62053,522254,216421,18265,262574,497260,5611,133,1844,7588,3467,75859,79326,584174,244500,21071,291045,556616,6186,186,1727,8099,4002,91078,95080,659795,261549,25492,305034,592075,8064,114,1894,10072,4920,123990,128910,731057
CE,Centennial,NL,"88,257","6,384","158,474","253,115","3,070",26,"1,587","4,683","2,113","10,215","12,328","270,126","99,470","7,131","171,849","278,450","2,530",4,"2,167","4,701","2,194","12,320","14,514","297,665",101996,7209,176055,285260,2648,19,2172,4839,1708,15304,17012,307111,85020,6669,163288,254977,1949,18,1921,3888,1502,15775,17277,276142,84785,7630,174098,266513,1547,13,1881,3441,2112,19485,21597,291551,86789,9239,188223,284251,2033,6,1951,3990,2364,21099,23463,311704,98978,11701,206919,317598,2561,15,1556,4132,2582,25193,27775,349505,100319,10791,199529,310639,2376,6,1731,4113,3093,30612,33705,348457
CH,City Hall,NL,"48,496","4,491","203,760","256,747","1,120",46,"1,031","2,197","2,303","9,163","11,466","270,410","43,407","3,929","209,208","256,544",722,6,"1,304","2,032","2,108","12,489","14,597","273,173",47672,3781,227518,278971,722,28,1277,2027,1881,16585,18466,299464,53550,3859,256882,314291,709,8,1542,2259,2300,18328,20628,337178,50751,4477,263321,318549,941,20,1446,2407,2142,19418,21560,342516,49062,4677,276942,330681,613,9,1747,2369,2629,24746,27375,360425,54063,4361,293562,351986,670,21,1256,1947,2646,25311,27957,381890,56087,4259,285945,346291,608,14,1501,2123,3736,32331,36067,384481
CC,Cliffcrest,NL,"42,207","2,808","107,120","152,135","1,385",26,443,"1,854",96,"1,364","1,460","155,449","36,431","2,508","95,577","134,516","1,211",2,452,"1,665",134,"1,145","1,279","137,460",38267,2494,98224,138985,1092,0,420,1512,222,1663,1885,142382,46420,3182,111658,161260,829,1,366,1196,99,1766,1865,164321,46766,3946,119433,170145,765,2,273,1040,77,2040,2117,173302,47039,3871,120651,171561,1029,9,244,1282,112,1946,2058,174901,50077,3846,135663,189586,1121,1,210,1332,134,2368,2502,193420,47908,4471,139861,192240,379,1,234,614,422,2023,2445,195299
CS,College Shaw,NL,"48,350","4,153","128,608","181,111","1,935",8,853,"2,796",422,"5,072","5,494","189,401","45,283","4,159","124,858","174,300","2,071",27,814,"2,912",459,"4,685","5,144","182,356",47370,4193,128844,180407,1449,12,916,2377,377,6254,6631,189415,45143,3700,132562,181405,1389,9,953,2351,700,6319,7019,190775,43012,4162,136453,183627,1175,12,716,1903,895,7630,8525,194055,44563,4183,135577,184323,972,10,602,1584,897,7500,8397,194304,47913,3725,149882,201520,970,12,648,1630,1510,9456,10966,214116,45050,4300,153251,202601,709,3,687,1399,1203,10710,11913,215913
DA,Danforth Coxwell,NL,"87,487","5,669","169,490","262,646","5,052",28,"1,796","6,876",323,"3,710","4,033","273,555","84,534","5,510","167,929","257,973","4,625",39,"1,895","6,559",424,"4,899","5,323","269,855",83481,6286,172703,262470,5282,15,2302,7599,427,6914,7341,277410,84932,8176,193158,286266,5616,65,2386,8067,549,7890,8439,302772,82335,7351,189179,278865,4927,33,2564,7524,828,9354,10182,296571,81936,8566,197352,287854,4612,36,2417,7065,734,10804,11538,306457,87527,8463,204188,300178,3971,33,2401,6405,1061,11664,12725,319308,78503,8901,201798,289202,3486,30,2086,5602,1122,11288,12410,307214
DT,Davenport,NL,"39,804","4,089","92,258","136,151",840,15,580,"1,435",151,956,"1,107","138,693","38,789","3,380","87,391","129,560",625,16,616,"1,257",159,968,"1,127","131,944",38290,2608,76564,117462,554,3,478,1035,117,1022,1139,119636,39962,2162,81293,123417,425,3,433,861,166,1555,1721,125999,40373,2292,81482,124147,275,0,433,708,102,1786,1888,126743,39605,2119,76631,118355,196,14,450,660,105,1526,1631,120646,36415,2106,79530,118051,214,0,214,428,86,1870,1956,120435,38335,2091,80576,121002,322,3,339,664,72,1435,1507,123173
DR,Dawes Road,NL,"51,258","5,621","85,932","142,811","1,126",2,780,"1,908",351,"6,685","7,036","151,755","57,701","5,931","88,250","151,882","1,330",17,852,"2,199",417,"7,563","7,980","162,061",65651,6805,101918,174374,1841,15,897,2753,457,9389,9846,186973,69475,6566,108945,184986,1593,18,687,2298,424,10081,10505,197789,71914,7292,110197,189403,1455,9,554,2018,599,13631,14230,205651,73980,7888,107730,189598,1215,30,881,2126,780,15154,15934,207658,84398,9136,119323,212857,1252,6,627,1885,849,19728,20577,235319,80029,9155,108571,197755,1081,8,493,1582,986,24972,25958,225295
DP,Deer Park,NL,"78,590","4,340","322,528","405,458","2,212",6,"3,193","5,411",450,"3,796","4,246","415,115","70,691","3,918","316,732","391,341","2,130",18,"3,268","5,416",591,"4,118","4,709","401,466",61941,3332,320052,385325,2307,27,3583,5917,476,4063,4539,395781,62454,4453,334778,401685,2491,35,4026,6552,818,4366,5184,413421,61767,4508,343455,409730,1893,42,3414,5349,787,5585,6372,421451,59216,4526,334554,398296,1261,22,3717,5000,457,5928,6385,409681,59422,4457,333037,396916,662,21,3652,4335,546,5509,6055,407306,57917,4952,328901,391770,777,18,3597,4392,482,4799,5281,401443
DM,Don Mills,DL,"146,996","8,801","287,358","443,155","6,636",182,"3,493","10,311","3,268","15,437","18,705","472,171","157,969","9,754","342,811","510,534","7,369",96,"3,628","11,093","4,820","19,228","24,048","545,675",160945,9939,354527,525411,7327,147,3628,11102,5883,23307,29190,565703,164613,10167,397390,572170,8034,266,4246,12546,5562,28736,34298,619014,163217,11422,407939,582578,6970,194,3842,11006,5111,29205,34316,627900,147859,11328,390599,549786,8336,184,4132,12652,4653,33560,38213,600651,152597,13323,410670,576590,7292,264,4995,12551,4486,36508,40994,630135,171085,14957,437261,623303,9621,303,6677,16601,5421,40292,45713,685617
DO,Downsview,NL,"35,341","3,559","73,779","112,679",923,1,487,"1,411",399,"8,237","8,636","122,726","51,420","5,538","112,961","169,919","2,725",7,817,"3,549",567,"11,925","12,492","185,960",54874,5200,120343,180417,1636,8,863,2507,495,18095,18590,201514,53721,5660,129197,188578,1173,10,1014,2197,590,19310,19900,210675,56314,6696,133042,196052,1285,8,1138,2431,604,25881,26485,224968,61322,7060,141670,210052,1557,2,1101,2660,703,27642,28345,241057,74323,6593,151416,232332,2617,3,1126,3746,1083,28491,29574,265652,72984,8200,157165,238349,1693,13,1497,3203,1452,28662,30114,271666
DU,Dufferin St. Clair,NL,"57,812","3,794","96,904","158,510","2,353",4,409,"2,766",904,"7,217","8,121","169,397","56,116","3,793","98,280","158,189","1,895",5,508,"2,408",756,"8,063","8,819","169,416",46661,2994,87496,137151,1591,2,565,2158,604,9243,9847,149156,45127,3224,84967,133318,2068,2,625,2695,747,9180,9927,145940,44674,3377,89657,137708,1707,2,558,2267,958,10328,11286,151261,41254,3286,87851,132391,1711,8,517,2236,544,10897,11441,146068,43872,3984,89042,136898,1620,8,499,2127,556,11798,12354,151379,48545,4582,84968,138095,1297,11,553,1861,672,13681,14353,154309
EA,Eatonville,NL,"115,606","10,703","296,060","422,369","4,236",10,"2,237","6,483","1,838","10,360","12,198","441,050","114,880","12,807","315,185","442,872","5,646",12,"2,267","7,925","1,706","11,448","13,154","463,951",124861,10425,343830,479116,4988,12,1956,6956,1673,13879,15552,501624,129779,10508,344797,485084,5342,45,1715,7102,1522,15218,16740,508926,132315,10056,350913,493284,5767,32,1618,7417,1190,15828,17018,517719,135475,9990,340931,486396,5092,12,1245,6349,1243,17757,19000,511745,123145,10441,322734,456320,4983,18,944,5945,2184,17070,19254,481519,134425,12522,355891,502838,6201,22,1390,7613,2240,17797,20037,530488
ES,Eglinton Square,NL,"64,689","5,146","122,385","192,220","1,962",10,326,"2,298",638,"7,742","8,380","202,898","60,650","4,938","125,143","190,731","1,618",4,395,"2,017",569,"11,330","11,899","204,647",35461,3122,74033,112616,1135,7,335,1477,418,9275,9693,123786,32007,2664,83820,118491,898,10,365,1273,330,7372,7702,127466,65441,4424,159606,229471,1187,17,471,1675,759,17374,18133,249279,65608,4624,165296,235528,1012,4,507,1523,955,22103,23058,260109,67972,5026,184847,257845,1090,22,501,1613,1125,22468,23593,283051,66398,5839,189817,262054,1450,17,377,1844,992,21412,22404,286302
EB,Elmbrook Park,NL,"35,709","3,321","78,073","117,103",723,2,233,958,126,"2,660","2,786","120,847","34,214","3,107","83,371","120,692","1,141",,457,"1,598",89,"3,599","3,688","125,978",37541,3691,81352,122584,980,2,161,1143,192,4118,4310,128037,43701,4480,94311,142492,1495,3,276,1774,308,5249,5557,149823,43231,4508,102022,149761,1538,0,219,1757,187,6514,6701,158219,45712,4265,108101,158078,881,6,303,1190,318,7652,7970,167238,51338,3692,120270,175300,889,18,185,1092,452,7340,7792,184184,50788,4234,117658,172680,727,10,157,894,441,9045,9486,183060
EG,Evelyn Gregory,NL,"23,936","2,671","35,298","61,905",281,4,117,402,119,"1,724","1,843","64,150","23,377","2,440","34,531","60,348",138,,113,251,57,"1,791","1,848","62,447",21679,3376,39319,64374,72,5,80,157,174,2631,2805,67336,26777,2848,46904,76529,90,14,129,233,214,2412,2626,79388,27347,3341,47174,77862,64,0,100,164,271,2910,3181,81207,30291,4719,45104,80114,129,3,92,224,226,2766,2992,83330,27800,4697,46673,79170,94,2,75,171,229,3215,3444,82785,32128,6387,53158,91673,115,0,110,225,222,3301,3523,95421
FV,Fairview,DL,"257,864","21,192","286,397","565,453","10,867",328,"2,854","14,049","11,527","47,709","59,236","638,738","262,335","20,665","311,501","594,501","13,484",352,"3,153","16,989","13,166","59,268","72,434","683,924",261875,21730,331982,615587,14379,314,3686,18379,13524,80936,94460,728426,268425,21384,344451,634260,11577,258,3590,15425,14547,87682,102229,751914,279996,19685,375884,675565,10342,280,3710,14332,16995,98933,115928,805825,239453,20985,308646,569084,9089,233,3045,12367,16410,99914,116324,697775,62838,4904,84946,152688,1372,56,1073,2501,4564,26399,30963,186152,269648,27197,409621,706466,8975,372,4487,13834,22206,148253,170459,890759
FP,Flemingdon Park,NL,"43,690","3,817","43,702","91,208",846,16,462,"1,325",996,"4,846","5,842","98,375","46,930","4,004","44,758","95,692","1,202",3,689,"1,894",576,"5,574","6,150","103,736",50438,4262,50479,105179,1160,5,651,1816,573,7176,7749,114744,61747,5312,59863,126922,1039,15,664,1718,1083,10463,11546,140186,65005,5645,62776,133426,993,27,637,1657,1104,12641,13745,148828,66941,5772,65262,137975,803,11,482,1296,1388,13071,14459,153730,75845,7493,68631,151969,1045,9,674,1728,2235,17623,19858,173555,76673,9894,75200,161767,1114,12,578,1704,1986,22569,24555,188026
FH,Forest Hill,NL,"53,580","4,621","111,079","169,280",583,9,602,"1,194",570,"1,256","1,826","172,300","52,135","3,820","122,154","178,109",572,2,696,"1,270",356,"1,390","1,746","181,125",50280,3847,132013,186140,422,2,701,1125,431,1691,2122,189387,53199,4340,138795,196334,505,13,867,1385,610,1681,2291,200010,50689,4533,139740,194962,488,15,748,1251,483,1784,2267,198480,52670,4535,144741,201946,265,6,730,1001,498,1828,2326,205273,54094,4547,153591,212232,486,8,736,1230,450,2059,2509,215971,55044,4677,162739,222460,452,9,643,1104,749,2830,3579,227143
FO,Fort York,NL,"64,421","4,015","155,961","224,398","1,729",16,940,"2,684",908,"2,908","3,816","230,898","61,951","3,740","154,250","219,941","1,899",3,925,"2,827","1,003","3,682","4,685","227,453",58957,3429,152408,214794,1480,7,844,2331,1162,3126,4288,221413,62571,3356,151033,216960,1335,18,628,1981,759,2308,3067,222008,65539,2946,147402,215887,728,7,579,1314,617,1613,2230,219431,40177,2251,88273,130701,270,2,326,598,151,739,890,132189,0,0,0,0,0,0,0,0,0,0,0,0,0,0,0,0,0,0,0,0,0,0,0,0
GE,Gerrard Ashdale,NL,"59,749","4,900","94,046","158,695","1,635",14,402,"2,051",417,"6,320","6,737","167,483","60,052","4,937","95,921","160,910","1,522",11,421,"1,954",527,"8,419","8,946","171,810",59869,5864,99356,165089,1874,18,385,2277,432,9773,10205,177571,59698,5089,109034,173821,1983,20,367,2370,520,11163,11683,187874,58923,4997,102348,166268,1340,25,351,1716,539,15447,15986,183970,54837,5468,102253,162558,1590,17,401,2008,590,16947,17537,182103,58140,5304,107250,170694,1385,3,183,1571,744,21074,21818,194083,59379,6068,107102,172549,1204,1,226,1431,1113,28039,29152,203132
GHP,Goldhawk Park,NL,"66,287","7,122","76,781","150,190","1,109",,310,"1,419","3,136","39,844","42,980","194,589","66,180","6,809","78,885","151,874","1,382",3,314,"1,699","3,422","45,875","49,297","202,870",76358,7393,84620,168371,1686,3,356,2045,5010,51426,56436,226852,80537,8192,90103,178832,1438,0,446,1884,6042,62354,68396,249112,88727,9236,90772,188735,1524,1,243,1768,7569,66679,74248,264751,94232,11854,96030,202116,1619,8,253,1880,9046,73259,82305,286301,99501,12295,106871,218667,2001,2,162,2165,8856,79937,88793,309625,100247,14514,113737,228498,1562,1,220,1783,9667,94056,103723,334004
GW,Guildwood,NL,"15,701",994,"29,907","46,602",250,3,214,467,39,183,222,"47,291","27,348","1,991","65,952","95,291",561,24,615,"1,200",106,668,774,"97,265",32774,1702,77917,112393,730,10,726,1466,23,744,767,114626,31726,1883,83244,116853,595,1,869,1465,75,681,756,119074,30372,1864,87308,119544,444,8,685,1137,50,688,738,121419,32689,2195,87547,122431,503,14,542,1059,52,1185,1237,124727,35086,2842,94309,132237,560,3,633,1196,18,1286,1304,134737,38914,3949,103514,146377,431,4,464,899,47,1229,1276,148552
HP,High Park,NL,"94,030","7,032","222,967","324,022","3,856",41,"2,388","6,292",738,"7,717","8,455","338,769","84,596","6,129","195,692","286,417","4,059",23,"2,429","6,511",398,"8,918","9,316","302,244",85750,5475,208305,299530,4554,28,1913,6495,648,10905,11553,317578,89317,6159,217059,312535,4436,39,2003,6478,723,12395,13118,332131,86503,4838,217914,309255,3213,24,1210,4447,747,13520,14267,327969,88483,5644,219698,313825,2672,17,1049,3738,770,16221,16991,334554,93462,5613,228560,327635,1965,13,859,2837,690,15983,16673,347145,80661,5287,200686,286634,2032,15,932,2979,721,18653,19374,308987
HC,Highland Creek,NL,"46,835","4,469","79,179","130,495",172,13,143,316,296,"4,418","4,714","135,525","49,865","4,554","84,941","139,360",245,4,315,564,539,"4,897","5,436","145,360",49299,4663,94026,147988,300,8,232,540,893,6314,7207,155735,49620,5230,102809,157659,289,7,355,651,286,6457,6743,165053,54405,4806,112254,171465,172,1,172,345,352,6982,7334,179144,62728,5241,117072,185041,208,3,117,328,235,6453,6688,192057,66983,5097,124048,196128,346,23,266,635,479,7006,7485,204248,71499,6028,130754,208281,198,7,128,333,515,9387,9902,218516
HIL,Hillcrest,NL,"99,559","8,613","150,228","258,395","3,682",8,842,"4,537","2,491","16,299","18,790","281,722","102,219","8,456","160,668","271,343","3,220",21,"1,086","4,327","3,163","19,582","22,745","298,415",104261,7837,165737,277835,2962,5,1015,3982,2664,24937,27601,309418,106956,7703,171171,285830,2235,30,760,3025,3061,25046,28107,316962,112924,8085,186785,307794,1819,24,885,2728,3170,26766,29936,340458,119209,9609,194083,322901,1847,29,983,2859,4225,33562,37787,363547,152768,13379,252018,418165,1667,85,1019,2771,5474,41709,47183,468119,107496,12175,199819,319490,1390,30,940,2360,4176,34939,39115,360965
HB,Humber Bay,NL,"37,914","2,752","113,634","154,300",606,29,"1,244","1,879",460,"4,222","4,682","160,861","39,261","2,487","109,686","151,434",566,33,"1,247","1,846",602,"2,929","3,531","156,811",41294,1868,117692,160854,1031,5,1293,2329,454,3704,4158,167341,40491,2368,124903,167762,829,34,1007,1870,408,4112,4520,174152,38686,2444,123829,164959,676,13,1039,1728,588,4951,5539,172226,39200,2928,132745,174873,698,12,1006,1716,441,4194,4635,181224,39905,3632,135969,179506,912,58,963,1933,376,4030,4406,185845,45195,4015,137250,186460,760,10,752,1522,533,3911,4444,192426
HS,Humber Summit,NL,"15,513","1,103","28,656","45,272",10,2,76,88,66,"6,421","6,487","51,847","15,974","1,129","28,937","46,040",56,,40,96,83,"7,682","7,765","53,901",10065,604,20313,30944,14,0,38,90,41,5045,5086,36120,20253,1649,37991,59893,56,0,63,119,96,9737,9833,69845,20405,2366,38557,61328,45,0,15,60,133,12295,12428,73816,25987,2088,39135,67210,48,0,32,80,167,11002,11169,78459,32516,2327,43756,78599,48,4,27,79,285,10490,10775,89453,34475,2474,49937,86886,21,0,33,54,294,9965,10259,97199
HW,Humberwood,NL,"25,412","1,496","21,410","48,318",99,1,102,202,59,"2,386","2,445","50,965","26,361","1,343","24,428","52,132",212,,119,331,62,"3,040","3,102","55,565",32098,1598,25499,59227,251,3,178,400,107,3255,3362,62989,37805,1803,26423,66031,323,14,77,414,166,4735,4901,71346,43737,2785,29802,76324,315,4,135,454,208,5699,5907,82685,44260,3640,35063,82963,241,7,53,301,505,6838,7343,90607,50746,4417,39193,94356,474,1,88,563,328,6078,6406,101325,50510,5232,42893,98635,480,5,137,622,314,7254,7568,106825
JD,Jane Dundas,NL,"82,071","6,375","168,584","257,030","2,390",10,"1,286","3,686",432,"5,889","6,321","267,037","83,102","6,803","168,559","258,464","2,932",33,"1,424","4,389",645,"6,144","6,789","269,642",90960,7008,183278,281246,3847,26,1881,5754,445,8024,8469,295469,85538,6428,173281,265247,4591,9,1746,6346,755,6413,7168,278761,78875,6757,173836,259468,3222,13,1508,4743,733,9133,9866,274077,80118,8030,181017,269165,2474,7,1491,3972,749,11324,12073,285210,87626,7916,176423,271965,3045,13,1363,4421,889,12925,13814,290200,91998,9321,177830,279149,3505,10,1320,4835,1064,15228,16292,300276
JS,Jane Sheppard,NL,"31,151","3,425","48,659","83,235",487,3,96,586,430,"9,601","10,031","93,852","26,628","2,814","41,636","71,078",514,6,99,619,267,"9,790","10,057","81,754",27577,3311,42506,73394,601,2,66,669,238,10725,10963,85026,35051,3936,52388,91375,633,0,96,729,443,12125,12568,104672,38413,5376,59016,102805,457,0,210,667,420,16496,16916,120388,43479,5969,61915,111363,413,2,34,449,539,16389,16928,128740,47261,6588,67910,121759,198,8,64,270,1156,16817,17973,140002,47962,6610,68349,122921,230,1,70,301,1429,16615,18044,141266
JO,Jones,NL,"46,681","4,543","93,069","144,293","1,099",3,318,"1,420",330,"8,723","9,053","154,766","48,716","4,815","93,748","147,279","1,241",20,363,"1,624",424,"11,144","11,568","160,471",49644,4654,99212,153510,971,5,291,1267,331,12628,12959,167736,49649,4231,110436,164316,778,31,436,1245,598,15192,15790,181351,46309,3462,107634,157405,627,3,487,1117,1044,17794,18838,177360,44689,4626,109333,158648,338,2,278,618,1249,18293,19542,178808,44460,6638,108523,159621,214,3,288,505,1225,24491,25716,185842,40898,6202,105860,152960,270,0,172,442,2501,25876,28377,181779
KE,Kennedy Eglinton,NL,"52,241","3,013","60,613","115,867",957,1,224,"1,182",405,"5,045","5,450","122,499","51,784","3,283","66,816","121,883",795,3,540,"1,338",488,"6,707","7,195","130,416",62555,4620,76189,143364,1016,12,392,1420,749,9540,10289,155073,69868,5684,83626,159178,975,4,343,1322,917,11007,11924,172424,78738,6214,86811,171763,1245,5,232,1482,805,13951,14756,188001,77664,5835,92771,176270,763,8,235,1006,1006,16009,17015,194291,80542,7286,106701,194529,678,5,345,1028,1786,16680,18466,214023,79147,8700,114553,202400,859,5,289,1153,1799,17663,19462,223015
LE,Leaside,NL,"103,843","5,380","215,218","324,441","3,738",19,"1,296","5,053",219,"1,211","1,430","330,924","108,336","5,869","223,231","337,436","4,094",12,"1,369","5,475",265,"1,750","2,015","344,926",103133,4596,233837,341566,3447,20,1625,5092,122,1792,1914,348572,105374,5388,249284,360046,3323,14,1382,4719,195,1763,1958,366723,104791,6044,246993,357828,4122,36,1443,5601,205,1875,2080,365509,107100,5964,241875,354937,4308,19,1058,5387,129,2366,2495,362819,105974,6396,245703,358073,4271,26,973,5270,250,1376,1626,364969,104757,7382,244401,356540,4452,31,1015,5498,191,1407,1598,363636
LHS,Lillian H. Smith,DL,"68,815","6,301","173,035","248,151","2,738",37,"1,100","3,875","2,984","18,318","21,302","273,328","78,350","7,142","202,269","287,761","2,456",36,"1,184","3,676","4,223","26,564","30,787","322,224",86636,8919,212901,308456,2641,14,1072,3727,5525,34839,40364,352547,89324,9033,234898,333255,2241,29,1182,3452,7461,42883,50344,387051,84020,8377,241334,333731,2156,6,975,3137,5080,50947,56027,392895,89914,10106,254180,354200,2683,17,984,3684,6165,67129,73294,431178,92797,10896,296959,400652,2521,15,1653,4189,6942,83525,90467,495308,94633,11508,286917,393058,2583,4,1331,3918,7491,95348,102839,499815
LO,Locke,NL,"111,630","8,784","208,508","328,922","2,383",11,"1,077","3,471","1,050","2,318","3,368","335,761","108,398","8,507","226,056","342,961","2,361",26,"1,132","3,519",764,"2,116","2,880","349,360",110141,7739,228018,345898,2496,20,1145,3661,407,2182,2589,352148,99546,7017,227246,333809,2225,29,1043,3297,431,1719,2150,339256,95385,6211,229125,330721,2580,67,1218,3865,392,1701,2093,336679,98867,7010,234642,340519,2632,41,1331,4004,468,2450,2918,347441,103222,7860,237514,348596,2646,54,1036,3736,654,3476,4130,356462,99066,8216,237508,344790,2502,80,1236,3818,323,2976,3299,351907
LB,Long Branch,NL,"38,012","1,220","82,903","122,135",441,2,152,595,"1,962","3,851","5,813","128,543","37,830","1,261","85,007","124,098",208,7,239,454,"1,647","4,160","5,807","130,359",35030,1257,85595,121882,325,0,366,691,1279,4686,5965,128538,37038,1735,97876,136649,345,3,400,748,1361,4546,5907,143304,38446,1757,96807,137010,314,5,303,622,1222,3988,5210,142842,39121,2075,91906,133104,475,4,148,625,1053,3780,4833,138562,37835,1998,91715,131548,444,0,195,639,559,3011,3570,135757,39664,2630,96464,138758,283,0,108,391,414,2552,2966,142115
MA,Main Street,NL,"74,070","5,424","166,227","245,721","4,260",4,"1,036","5,300",245,"1,279","1,524","252,545","73,843","4,816","157,796","236,455","3,797",6,944,"4,747",198,"1,578","1,776","242,978",67446,4674,170250,242370,2536,15,1598,4149,307,1704,2011,248530,68986,5056,182139,256181,3322,19,2156,5497,138,1524,1662,263340,68422,5583,175668,249673,3057,20,1979,5056,191,1452,1643,256372,70881,5617,169369,245867,3294,23,1910,5227,197,1706,1903,252997,69364,6065,171015,246444,4251,31,1836,6118,263,1900,2163,254725,78400,6925,183596,268921,4480,5,1940,6425,286,2477,2763,278109
MAL,Malvern,DL,"128,690","10,269","122,391","261,350","2,068",4,794,"2,866","2,328","25,076","27,404","291,620","127,687","11,238","137,980","276,905","2,316",13,"1,390","3,719","2,006","29,705","31,711","312,335",138859,11233,143919,294011,2623,23,1049,3695,2090,34273,36363,334069,151793,13413,161832,327038,2549,22,1254,3825,2922,40892,43814,374677,160336,14598,170609,345543,2602,12,1255,3869,3131,51590,54721,404133,175980,16274,182266,374520,2948,26,1169,4143,3471,60627,64098,442761,193081,17672,209571,420324,4392,35,1220,5647,4351,77314,81665,507636,196580,21613,214035,432228,3616,28,1206,4850,5378,91938,97316,534394
MAS,Maria A. Shchuka,DL,"56,629","4,926","107,075","168,630","2,372",10,792,"3,174",888,"5,706","6,594","178,398","65,540","6,042","118,242","189,824","2,316",31,629,"2,976","1,491","7,554","9,045","201,845",70743,6973,120499,198215,1601,37,579,2217,1255,9501,10756,211188,77026,7262,132050,216338,1986,12,862,2860,1168,10188,11356,230554,80129,8178,143326,231633,1618,21,851,2490,1556,12715,14271,248394,73081,7075,134543,214699,1365,12,925,2302,1212,14648,15860,232861,76723,8433,142861,228017,1529,37,1250,2816,1429,17099,18528,249361,86305,10732,159934,256971,1599,16,1279,2894,1805,23206,25011,284876
MRV,Maryvale,NL,"42,555","3,907","92,369","138,831","1,263",27,722,"2,012",551,"7,200","7,751","148,594","45,358","4,129","101,180","150,667","1,169",28,795,"1,992",663,"9,332","9,995","162,654",48805,5050,118493,172348,1385,34,782,2201,1220,11972,13192,187741,59776,4707,125286,189769,1487,50,731,2268,1031,14823,15854,207891,68845,5482,128000,202327,1444,39,723,2206,1210,18782,19992,224525,65364,4872,147901,218137,1282,53,623,1958,1222,18600,19822,239917,70292,5158,158973,234423,1213,11,620,1844,1387,20942,22329,258596,72526,6131,159827,238484,1641,23,618,2282,1890,23846,25736,266502
MCG,McGregor Park,NL,"65,190","5,052","73,447","143,689","1,544",17,382,"1,943",821,"5,682","6,503","152,135","67,294","5,339","75,380","148,013","1,488",6,290,"1,784",771,"8,136","8,907","158,704",74532,5914,82780,163226,1911,20,265,2196,801,10642,11443,176865,83370,5900,92332,181602,1915,20,259,2194,928,11802,12730,196526,92826,6088,101681,200595,1798,12,264,2074,1159,13810,14969,217638,96458,6436,111797,214691,1752,16,291,2059,1338,16466,17804,234554,102438,8907,122848,234193,1738,25,392,2155,1954,17721,19675,256023,103987,8546,131359,243892,1600,21,264,1885,2228,21710,23938,269715
MI,Mimico Centennial,NL,"52,903","2,776","104,460","160,139","2,701",26,505,"3,232",329,"3,653","3,982","167,353","54,644","2,864","107,408","164,916","2,650",17,583,"3,250",740,"4,020","4,760","172,926",55417,2988,112521,170926,1905,11,1084,3000,989,4051,5040,178966,54100,3246,121422,178768,1671,4,766,2441,908,5353,6261,187470,53342,3060,120818,177220,1571,3,486,2060,571,5570,6141,185421,55464,3907,101199,160570,2017,7,429,2453,623,5781,6404,169427,58418,4551,115576,178545,2073,5,487,2565,562,6395,6957,188067,66623,4975,132256,203854,2430,1,508,2939,680,9448,10128,216921
MS,Morningside,NL,"47,916","4,635","98,362","150,913","2,116",1,292,"2,409",57,"3,187","3,244","156,566","49,289","4,415","92,792","146,496","2,115",3,292,"2,410",49,"3,722","3,771","152,677",51702,4109,98971,154782,1152,3,149,1304,226,4818,5044,161130,58379,4600,107873,170852,962,18,127,1107,262,4997,5259,177218,56853,4967,113685,175505,1212,0,159,1371,213,6596,6809,183685,59041,5763,115370,180174,880,11,202,1093,163,8225,8388,189655,71503,6293,128172,205968,963,7,196,1166,243,9167,9410,216544,73867,7126,124546,205539,865,12,290,1167,316,10472,10788,217494
MD,Mount Dennis,NL,"28,963","2,697","54,184","85,844",959,3,112,"1,074",364,"1,988","2,352","89,270","34,591","3,944","62,510","101,045",841,1,93,935,668,"2,106","2,774","104,754",32990,3703,66230,102923,936,6,177,1119,522,4045,4567,108609,35240,4043,63311,102594,415,2,139,556,573,2672,3245,106395,34511,4922,68508,107941,356,2,147,505,429,2989,3418,111864,37402,5195,67731,110328,361,0,105,466,543,3465,4008,114802,37171,3800,59673,100644,390,6,36,432,347,3706,4053,105129,2587,509,5456,8552,91,2,24,117,32,479,511,9180
MP,Mount Pleasant,NL,"43,716","2,300","106,454","152,470","1,254",23,697,"1,974",190,978,"1,168","155,612","44,860","2,098","104,013","150,971","1,041",3,772,"1,816",163,822,985,"153,772",44402,2042,106576,153020,573,19,681,1273,78,983,1061,155354,42246,1962,115033,159241,421,5,469,895,217,1053,1270,161406,37004,2131,110968,150103,432,3,415,850,172,1351,1523,152476,36453,2127,111428,150008,373,2,257,632,226,1451,1677,152317,38900,2356,116004,157260,352,3,326,681,171,1362,1533,159474,39752,2432,118998,161182,600,27,339,966,64,1466,1530,163678
NT,New Toronto,NL,"41,001","3,112","73,858","117,971","1,543",3,189,"1,735",266,"2,545","2,811","122,517","40,892","3,518","79,675","124,085","1,017",2,136,"1,155",185,"3,121","3,306","128,546",38270,3301,78964,120535,986,26,174,1186,183,3479,3662,125383,38942,2933,84997,126872,792,4,312,1108,108,3699,3807,131787,35459,3167,85856,124482,504,13,271,788,261,4387,4648,129918,39130,2850,79507,121487,618,1,258,877,294,4885,5179,127543,42536,3356,83847,129739,676,2,377,1055,288,5659,5947,136741,43275,4252,90547,138074,549,5,732,1286,220,6570,6790,146150
ND,Northern District,DL,"97,483","7,414","297,577","402,474","4,157",140,"4,895","9,192","1,607","6,954","8,561","420,227","99,484","6,691","306,905","413,080","4,387",161,"5,039","9,587","1,432","8,218","9,650","432,317",99111,7600,328514,435225,4592,128,5085,9805,1784,10113,11897,456927,95144,7703,335427,438274,3856,116,4166,8138,1792,10214,12006,458418,81181,7783,342311,431275,4594,113,4081,8788,1669,11851,13520,453583,79480,8363,355124,442967,4408,100,4343,8851,1415,11220,12635,464453,84899,8257,376592,469748,4733,122,4479,9334,1912,11893,13805,492887,89463,8185,367705,465353,5328,155,5355,10838,2051,11752,13803,489994
NE,Northern Elms,NL,"16,517","1,827","43,105","61,449",72,2,105,179,46,"1,253","1,299","62,927","17,882","1,604","45,829","65,315",129,,117,246,67,"1,301","1,368","66,929",21159,2339,51890,75388,149,0,105,254,72,1148,1220,76862,25276,2075,51441,78792,64,0,72,136,89,1520,1609,80537,24761,2540,54679,81980,52,9,99,160,97,1604,1701,83841,27981,3012,57077,88070,92,4,150,246,125,1376,1501,89817,30294,3380,59918,93592,58,4,35,97,192,1562,1754,95443,28406,3856,56427,88689,78,8,110,196,95,1385,1480,90365
OV,Oakwood Village Library and Arts Centre,NL,"60,734","2,442","73,571","136,967","1,659",8,819,"2,266",401,"2,492","2,893","142,126","54,727","2,378","69,508","126,613","1,719",5,676,"2,400",424,"3,651","4,075","133,088",48247,2431,61479,112157,1278,0,458,1736,187,3497,3684,117577,49602,2401,66581,118584,1228,1,543,1772,196,3416,3612,123968,47784,2982,76394,127160,832,5,592,1429,171,3959,4130,132719,47533,2720,75346,125599,786,15,381,1182,399,4871,5270,132051,46589,3085,76895,126569,734,4,423,1161,265,5013,5278,133008,43869,3821,74527,122217,569,9,401,979,333,4756,5089,128285
PM,Palmerston,NL,"51,562","6,099","128,982","186,581","2,617",39,775,"3,493",509,"4,250","4,759","194,833","47,901","3,605","129,120","180,626","2,875",28,880,"3,783",547,"4,726","5,273","189,682",48545,3690,131696,183931,2724,1,901,3626,474,6121,6595,194152,54820,4426,146268,205514,2839,37,1314,4190,644,7748,8392,218096,53075,4583,144718,202376,2543,11,1074,3628,942,8508,9450,215454,53586,4466,146887,204939,2434,14,595,3043,1360,9035,10395,218377,53619,4388,150178,208185,2567,19,599,3185,1147,10153,11300,222670,53579,4877,146830,205286,2493,8,701,3202,1047,11073,12120,220608
PA,Pape Danforth,DL,"96,770","8,535","241,023","346,089","4,051",127,"2,225","6,642",832,"6,013","6,845","359,576","97,268","8,214","252,901","358,383","4,475",92,"2,732","7,299",871,"8,173","9,044","374,726",99240,8882,260439,368561,4754,140,2792,7686,958,9760,10718,386965,111779,8861,278288,398928,5559,128,2721,8408,1589,10503,12092,419428,110722,9013,285180,404915,4641,55,1868,6564,1518,12826,14344,425823,107396,8391,283642,399429,5142,96,2263,7501,1699,15796,17495,424425,112526,9525,286958,409009,4170,109,2256,6535,1679,20638,22317,437861,120075,9948,275433,405456,3611,59,2616,6286,1893,22983,24876,436618
PK,Parkdale,NL,"51,805","5,376","140,384","197,570","1,606",6,677,"2,284",388,"4,577","4,965","204,819","73,932","9,354","227,176","310,462","1,926",18,"1,883","3,827",871,"9,070","9,941","324,230",73911,9265,258670,341846,2021,19,2237,4277,689,10889,11578,357701,79952,9610,273032,362594,2139,41,2296,4476,935,14055,14990,382060,84796,10611,266975,362382,2794,16,1637,4447,994,17476,18470,385299,88439,9147,250117,347703,2683,7,1356,4046,942,19851,20793,372542,91454,10596,241600,343650,2399,8,1332,3739,1087,22936,24023,371412,92479,11513,235595,339587,2750,8,1725,4483,1352,30499,31851,375921
PL,Parliament Street,NL,"20,077","1,974","72,138","94,164",664,11,831,"1,531",221,"5,548","5,769","101,464","32,635","4,254","139,248","176,137","1,225",76,"1,866","3,167",562,"11,327","11,889","191,193",36550,3626,144022,184198,1775,142,2006,3923,851,14733,15584,203705,39929,4660,159003,203592,1625,140,1969,3734,1311,17850,19161,226487,42076,4973,168089,215138,1660,74,1715,3449,1327,20161,21488,240075,44397,6061,159258,209716,1626,49,1823,3498,2053,23716,25769,238983,50912,8071,162632,221615,2113,54,2358,4525,1967,28932,30899,257039,56305,8185,159163,223653,2746,35,2089,4870,1975,31478,33453,261976
PE,Perth Dupont,NL,"35,935","2,598","55,495","94,094","1,554",8,284,"1,780",161,"1,507","1,668","97,542","36,236","2,045","53,718","91,999",969,12,310,"1,291",148,"1,330","1,478","94,768",32838,1721,55197,89756,933,7,322,1262,114,1487,1601,92619,31114,1769,58183,91066,935,11,209,1155,135,1679,1814,94035,29354,1892,57543,88789,833,2,259,1094,80,1418,1498,91381,32353,3122,53940,89415,293,0,181,474,80,1186,1266,91155,31939,2490,51574,86003,174,0,131,305,149,1107,1256,87564,29770,2731,51134,83635,186,4,163,353,206,1894,2100,86088
PV,Pleasant View,NL,"72,141","5,743","76,522","154,406","3,641",34,611,"4,286","2,073","8,109","10,182","168,874","67,269","4,806","70,984","143,059","2,304",12,805,"3,121","2,596","8,320","10,916","157,096",82653,5104,85667,173424,2662,25,1129,3816,2861,10352,13213,190453,88542,5210,99354,193106,2311,15,972,3298,2670,10783,13453,209857,80016,5964,102555,188535,2459,5,829,3293,3185,16829,20014,211842,91280,7020,113820,212120,1750,16,895,2661,3832,20139,23971,238752,148185,10409,172508,331102,2058,10,1526,3594,5891,23805,29696,364392,100402,8763,120626,229791,1329,9,874,2212,5609,19250,24859,256862
PU,Port Union,NL,"69,988","4,147","122,663","196,798","1,215",16,379,"1,610",269,"1,354","1,623","200,031","66,225","4,158","128,120","198,503","1,108",7,620,"1,735",117,"1,686","1,803","202,041",68242,4611,126240,199093,1286,2,469,1757,68,2308,2376,203226,68786,5006,142621,216413,1837,8,505,2350,145,3143,3288,222051,69888,4594,147173,221655,864,2,654,1520,71,4078,4149,227324,70371,4937,150715,226023,754,4,324,1082,103,3832,3935,231040,77415,5244,162377,245036,910,6,242,1158,211,3613,3824,250018,78757,5929,164708,249394,867,20,386,1273,237,3902,4139,254806
QS,Queen Saulter,NL,"33,021","2,936","65,374","101,331","1,359",8,363,"1,730",142,733,875,"103,936","35,119","3,247","70,357","108,723",994,2,289,"1,285",183,915,"1,098","111,106",33011,2555,75493,111059,709,0,347,1056,34,1120,1154,113269,32590,2586,83334,118510,900,1,407,1308,86,1592,1678,121496,31908,2493,84831,119232,1210,8,407,1625,125,1212,1337,122194,31642,2001,79683,113326,497,15,372,884,99,1544,1643,115853,29123,2258,80385,111766,176,1,306,483,135,1895,2030,114279,25920,2674,77827,106421,142,12,221,375,81,2116,2197,108993
RX,Rexdale,NL,"19,939","2,035","45,073","67,047",422,6,217,645,147,"1,449","1,596","69,288","17,897","2,347","43,665","63,909",234,8,317,559,61,"1,885","1,946","66,414",22303,2509,51096,75908,404,4,217,625,93,2484,2577,79110,22275,2247,49208,74039,419,1,142,562,382,2206,2279,76880,25436,3729,49924,79089,182,12,99,293,64,3114,3178,82560,25780,3101,47098,75979,184,0,123,307,134,4226,4360,80646,29789,3881,53690,87360,166,8,174,348,71,4611,4682,92390,31317,4853,55553,91723,154,3,95,252,162,5044,5206,97181
RI,Richview,DL,"159,909","10,637","358,808","529,354","3,708",89,"2,961","6,758","3,164","17,145","20,309","556,421","151,909","11,274","349,461","512,644","3,786",123,"2,708","6,617","3,297","18,160","21,457","540,718",150563,12464,344938,507965,5063,131,2709,7903,2763,20856,23619,539487,170536,13768,414926,599230,6199,145,2879,9223,2542,24618,27160,635613,156640,14903,416531,588074,3908,229,2487,6624,1940,26440,28380,623078,125823,15491,424884,566198,1296,224,2843,4363,402,28206,28608,599169,132756,17314,476521,626591,5260,228,3264,8752,2157,32246,34403,669746,220534,20091,498559,739184,8416,197,3459,12072,3415,37003,40418,791674
RD,Riverdale,NL,"59,592","7,975","129,327","196,894","2,208",11,804,"3,023","1,360","24,427","25,787","225,704","51,939","5,899","128,503","186,341","2,420",20,980,"3,420","1,383","32,328","33,711","223,472",54693,6020,131929,192642,1919,8,1178,3105,1652,41379,43031,238778,56055,6548,141430,204033,1812,28,928,2768,2817,55455,58272,265073,51814,6799,145530,204143,2149,14,783,2946,2805,71454,74259,281348,47187,8258,155013,210458,2168,62,777,3007,3406,89310,92716,306181,53029,9329,145116,207474,2330,24,422,2776,4761,89078,93839,304089,55046,9502,150580,215128,2521,8,596,3125,5872,114050,119922,338175
RN,Runnymede,NL,"108,664","7,208","288,950","404,822","5,590",17,"3,752","9,359","1,311","10,862","12,173","426,354","105,227","7,237","287,071","399,535","5,298",27,"4,195","9,520","1,450","10,668","12,118","421,173",67987,4936,190400,263323,4378,21,2696,7095,1111,9519,10630,281048,100091,8430,325920,434441,7023,42,4897,11962,2402,16706,19108,465511,98114,6926,327958,432998,6032,33,4729,10794,1967,16510,18477,462269,92093,5891,320983,418967,5530,22,4335,9887,1904,17890,19794,448648,87613,6428,332682,426723,5848,17,4888,10753,2313,18030,20343,457819,88825,7400,338590,434815,7062,12,5016,12090,2074,21653,23727,470632
SWS,S. Walter Stewart,DL,"127,814","8,450","236,236","372,500","6,875",155,"2,865","9,895",953,"6,432","7,385","389,780","121,466","7,783","250,518","379,746","7,847",142,"2,804","10,814",803,"7,781","8,584","399,144",116172,7813,261125,385110,9029,181,2650,11860,703,10146,10849,407819,106883,7577,269470,383930,7424,126,3283,10833,977,10743,11720,406483,116725,7665,266018,390408,8041,158,3100,11299,1219,12636,13855,415562,113479,7941,278117,399512,6928,89,3133,10175,1249,14425,15674,425361,120983,8552,293395,422930,8284,114,3183,11581,1854,16756,18610,453121,125878,9156,290726,425760,8909,53,3275,12237,2535,19032,21567,459564
SA,Sanderson,NL,"45,004","7,777","102,013","154,794","1,343",13,511,"1,867","2,038","12,407","14,445","171,106","45,626","6,420","103,714","155,760","1,209",7,501,"1,717","2,417","18,522","20,939","178,416",51297,6318,106966,164581,1416,48,884,2348,2895,23598,26493,193422,53490,6822,115910,175913,1448,33,647,2128,2983,31447,34739,212780,59831,7786,123122,190739,1706,34,547,2287,3034,39340,42374,235400,65096,9434,139438,213968,1864,17,525,2406,5086,43113,48199,264573,71757,9807,154045,235609,1726,11,756,2493,5944,48154,54098,292200,75368,11658,156273,243299,1691,22,613,2326,7031,58897,65928,311553
SC,Scarborough Civic Centre,NL,"65,182","5,682","90,114","160,978",846,3,192,"1,041","1,924","8,129","10,053","172,072","65,652","5,730","88,625","160,007",947,4,190,"1,141","1,685","9,889","11,574","172,722",69358,5443,91416,166217,1212,3,212,1427,1715,9955,11670,179314,67843,5240,93261,166344,480,0,185,665,1714,10467,12181,179190,51651,4727,78797,135175,65,0,85,150,1080,12784,13864,149189,0,0,0,0,0,0,0,0,0,0,0,0,0,0,0,0,0,0,0,0,0,0,0,0,0,0,0,0,0,0,0,0,0,0,0,0
SP,Spadina Road,NL,"39,948","3,000","126,481","169,429",939,8,901,"1,848",335,"1,268","1,603","172,880","37,234","2,594","129,170","168,998",982,8,"1,167","2,157",326,"2,028","2,354","173,509",38947,2332,130498,171792,757,1,1026,1769,455,2012,2467,176028,42617,2432,139069,184118,448,4,1200,1652,256,1758,2014,187784,36272,2735,138221,177228,380,12,967,1359,325,1939,2264,180851,32105,2329,123057,157491,445,4,788,1237,251,2115,2366,161094,35512,2372,136508,174392,296,3,708,1007,508,2589,3097,178496,35231,2935,153133,191299,298,6,993,1297,464,3059,3523,196119
SI,St. Clair Silverthorn,NL,"5,625",490,"7,194","13,309",388,,18,406,17,315,332,"14,047","2,163",81,"1,737","3,981",112,1,13,126,26,106,132,"4,239",19209,1122,28336,48781,427,2,201,516,64,1222,1286,50583,23017,1142,31450,55609,271,0,62,333,47,1541,1588,57530,20737,1574,34157,56468,147,0,67,214,28,1850,1878,58560,21562,2338,32602,56502,83,2,67,152,34,2031,2065,58719,20899,2519,36067,59485,80,4,139,223,64,1630,1694,61402,21429,2922,39249,63600,100,0,154,254,68,1543,1611,65465
SJ,St. James Town,NL,"41,556","3,881","188,365","233,802","1,122",13,"1,754","2,889",872,"11,083","11,955","248,646","36,804","2,988","167,315","207,107","1,030",17,"1,880","2,927","1,004","10,926","11,930","221,964",39251,3538,163426,206221,1408,47,1611,3060,1322,12648,13970,223251,48033,4127,180852,233012,1685,135,1580,3400,1524,15643,17167,253579,51406,4392,177495,233293,1580,7,1429,3016,1751,20632,22383,258692,57919,5716,186299,249934,1553,9,2027,3589,2225,26005,28230,281753,59271,6670,199028,264969,1537,14,1788,3339,1932,26928,28860,297168,62988,8647,190582,262217,1792,10,1799,3601,2515,32698,35213,301031
SL,St. Lawrence,NL,"34,337","3,078","178,271","215,686",946,6,"1,400","2,352",225,"2,256","2,481","220,519","31,471","4,062","176,382","211,915",847,30,"1,370","2,247",183,"2,030","2,213","216,375",34382,3138,173382,210812,900,30,1304,2324,258,2021,2279,215415,34264,2999,178813,216076,1348,15,1212,2575,220,2607,2827,221478,29737,2192,155218,187147,1219,24,1006,2249,332,2466,2798,192194,33256,3141,177276,213673,1291,11,1234,2536,263,2609,2872,219081,34208,3727,175441,213376,854,8,1147,2009,272,3583,3855,219240,32362,3269,158549,194180,846,2,1145,1993,291,4134,4425,200598
ST,Steeles,NL,"80,285","5,802","70,011","156,098",576,4,392,972,"6,327","35,471","41,798","198,868","42,000","3,289","44,697","89,986",534,1,296,831,"2,867","20,424","23,291","114,108",85844,6104,93041,184944,595,4,542,1186,4252,48238,52490,238620,87640,8229,98648,194517,412,7,645,1064,7055,54290,61345,256926,88359,9117,94352,191828,391,4,272,667,6777,68061,74838,267333,69574,6885,79605,156064,381,8,223,612,7104,61350,68454,225130,92726,10470,117998,221194,371,21,472,864,9462,91624,101086,323144,89679,12680,119535,221894,528,28,379,935,10858,104334,115192,338021
SW,Swansea Memorial,NL,"17,211",420,"22,920","40,551",208,5,178,391,50,288,338,"41,280","16,314",435,"22,637","39,407",146,23,111,259,102,334,436,"40,102",21541,927,44198,66666,311,1,467,779,48,648,696,68141,15904,689,25906,42499,108,0,44,152,48,383,431,43082,16070,826,29080,45976,58,0,41,99,183,426,609,46684,15642,614,27895,44176,96,27,33,131,164,424,588,44895,14019,682,29196,43897,133,0,19,152,53,299,352,44401,13858,703,30130,44691,176,4,41,221,52,404,456,45368
TA,Taylor Memorial,NL,"30,126","1,910","69,353","101,389",608,6,350,964,119,574,693,"103,046","31,891","1,546","70,213","103,650",406,1,325,732,33,493,526,"104,908",29600,1603,62391,93594,285,2,287,574,56,507,563,94731,32379,1420,80692,114491,213,2,329,544,29,850,879,115914,36699,1517,87752,125968,143,0,222,365,71,787,858,127191,35749,1919,94261,131929,342,0,208,550,76,736,812,133291,35083,1513,99235,135831,529,6,250,785,89,662,751,137367,30704,1657,97300,129661,332,0,244,576,25,709,734,130971
TH,Thorncliffe,NL,"65,339","6,931","58,775","131,045",784,3,164,951,443,"5,841","6,284","138,280","72,821","5,757","65,268","143,846",909,10,213,"1,132",350,"6,734","7,084","152,062",83409,6111,68349,157869,1329,17,357,1703,835,7768,8603,168175,86968,6848,73877,167693,378,8,364,750,869,9203,10072,178515,94609,7407,78596,180612,278,8,222,508,980,10745,11725,192845,100835,8420,81945,191200,277,34,324,635,956,12054,13010,204845,111392,10119,94546,216057,264,5,243,512,1119,13568,14687,231256,110807,11977,91126,213910,256,14,191,461,1020,16508,17528,231899
TOD,Todmorden Room,NL,"17,257","1,007","36,662","54,926",118,,341,459,102,390,492,"55,877","14,089",827,"31,918","46,834",168,5,215,388,116,401,517,"47,739",17030,804,32923,50757,244,15,140,399,116,680,796,51952,16671,850,34582,52107,151,21,282,450,116,581,697,53254,17334,1113,40185,58632,142,3,223,368,187,600,787,59787,17288,1127,36797,55212,102,3,120,225,121,603,724,56161,20542,1188,35187,56917,174,3,181,358,66,444,510,57785,21293,1103,31902,54298,171,0,167,338,80,675,755,55391
VV,Victoria Village,NL,"31,004","2,110","49,240","82,354",998,10,374,"1,382",303,"3,144","3,447","87,183","32,965","2,229","47,940","83,134","1,276",2,385,"1,663",156,"2,597","2,753","87,550",34852,2468,57356,94676,1284,4,180,1468,187,3095,3282,99426,36461,2542,64658,103661,690,2,205,897,304,2949,3253,107811,38365,1951,60622,100938,735,4,305,1044,392,3640,4032,106014,37588,2521,59835,99944,878,12,235,1125,320,3555,3875,104944,44182,3333,64252,111767,839,4,199,1042,443,3822,4265,117074,40309,3719,67653,111681,1073,5,239,1317,412,4535,4947,117945
WE,Weston,NL,"31,467","2,017","73,190","106,674",370,47,323,740,326,"1,221","1,547","108,961","31,317","2,051","79,470","112,838",497,17,304,818,267,"2,236","2,503","116,159",33963,1985,88656,124604,402,2,486,890,156,2793,2949,128443,34593,2422,93158,130173,486,3,479,968,268,3631,3899,135040,34790,2837,92312,129939,601,10,415,1026,202,4393,4595,135560,40330,4319,87635,132284,269,26,410,705,300,3846,4146,137135,43939,4996,94834,143769,176,19,279,474,287,4097,4384,148627,53870,6195,118439,178504,278,4,418,700,257,6039,6296,185500
WS,Woodside Square,NL,"107,286","9,498","113,097","229,881","3,222",21,563,"3,806","4,454","52,732","57,186","290,873","105,485","10,595","123,074","239,154","2,980",4,657,"3,641","5,010","64,792","69,802","312,597",116104,11271,128722,256097,3279,4,542,3825,8565,72003,80568,340490,128277,14210,148333,290820,3878,12,612,4502,9443,82856,92299,387621,143335,16764,153066,313165,3404,49,628,4081,7683,87849,95532,412778,148564,20791,167523,336878,4170,20,441,4631,9634,106743,116377,457886,168412,24670,191989,385071,4251,12,622,4885,12736,118037,130773,520729,162874,27098,195850,385822,4733,15,490,5238,13791,137490,151281,542341
WP,Woodview Park,NL,"24,496","1,891","29,751","56,138",27,1,72,100,34,"4,669","4,703","60,941","27,746","2,196","35,474","65,416",32,,89,121,68,"5,925","5,993","71,530",24274,2090,34305,60669,58,3,93,154,137,6978,7115,67938,25906,2517,34916,63339,76,0,71,147,149,6249,6398,69884,30916,2391,36770,70077,55,2,68,125,255,6824,7079,77281,30526,3251,37834,71611,49,0,145,194,316,7638,7954,79759,35662,4380,40297,80339,53,5,79,137,254,6794,7048,87524,33865,5829,43451,83145,44,12,31,87,224,6855,7079,90311
WY,Wychwood,NL,"3,679",327,"9,611","13,617",179,1,72,252,79,242,321,"14,190","28,283","1,791","81,783","111,857","1,009",12,928,"1,949",281,"1,193","1,474","115,280",59090,3563,163618,226271,2185,6,1595,3786,414,2504,2918,232975,60957,3825,171338,236120,2073,15,1629,3717,506,2656,3162,242999,55714,3777,169714,229205,1848,7,1493,3348,291,3127,3418,235971,47526,3312,152218,203056,1362,14,1228,2604,267,2385,2652,208312,54251,3288,175824,233363,1325,18,1352,2695,296,2893,3189,239247,54922,3427,179123,237472,1285,11,1487,2783,346,3138,3484,243739
YW,York Woods,DL,"44,115","4,938","76,682","125,735",576,11,505,"1,092",590,"7,527","8,117","134,944","57,651","7,653","101,175","166,479","1,485",27,753,"2,265","1,385","10,873","12,258","181,002",62459,7961,109692,180112,2380,31,1073,3484,923,15246,16169,199765,67561,8257,123498,199316,2596,55,1242,3893,1661,17523,19184,222393,75701,10468,132314,218483,2211,44,877,3132,1978,22747,24725,246340,95881,14141,146077,256099,3222,37,1165,4424,1742,27966,29708,290231,91965,16648,158708,267321,2388,135,1255,3778,2598,33250,35848,306947,103697,15923,165507,285127,3306,201,1649,5156,2785,45089,47874,338157
YO,Yorkville,NL,"48,730","2,644","190,417","241,791","2,789",37,"4,129","6,955",609,"2,453","3,062","251,808","46,977","2,834","194,767","244,578","3,068",69,"4,826","7,963",861,"2,591","3,452","255,993",53061,2664,217867,273592,3577,60,5478,9115,898,3119,4017,286724,49800,3444,236098,289342,3255,102,5180,8537,811,3409,4220,302099,51022,3206,253713,307941,2822,95,5395,8312,555,2763,3318,319571,47278,3821,260842,311941,3038,117,5701,8856,483,3148,3631,324428,46023,4118,262826,312967,2778,126,5498,8402,547,3383,3930,325299,46994,4481,262948,314423,3450,78,5713,9241,397,3088,3485,327149
TRL,Toronto Reference Library,RR,"24,416","4,680","325,578","354,674","1,230",37,"3,531","4,798",995,"15,363","16,358","375,830","24,872","3,743","338,286","366,901",805,42,"5,469","6,316","1,509","19,342","20,851","394,068",23067,4181,350296,377544,867,33,5382,6282,794,20317,21111,404937,23806,4398,364421,392621,1146,17,6260,7427,688,20123,20811,420859,20738,3283,364333,388354,944,45,4837,5826,471,18292,18763,412943,18420,2993,341542,362955,695,50,4373,5118,412,18043,18455,386528,18761,1962,327920,348643,448,25,3405,3878,602,19687,20289,372810,17520,2762,306914,327196,580,10,4389,4979,774,22418,23192,355367
MC,Merril Collection,RR,,1,1,2,,,,,,,,2,,,5,5,,,,,,,,5,0,0,14,14,0,0,0,0,0,0,0,14,0,0,2,2,0,0,0,0,0,0,0,2,0,0,0,0,0,0,0,0,0,0,0,0,0,0,0,0,0,0,0,0,0,0,0,0,0,0,4,4,0,0,0,0,0,0,0,4,0,0,19,19,0,0,4,4,0,0,0,23
OC,Osborne Collection,RR,40,12,66,153,,,35,,,,,153,6,,59,65,,,,,,3,3,68,5,0,23,28,0,0,0,0,0,1,1,29,0,0,12,12,0,0,0,0,0,0,0,12,1,5,37,43,0,0,0,0,0,0,0,43,2,0,14,16,0,0,0,0,0,0,0,16,4,0,6,10,0,0,0,0,0,0,0,10,1,0,1,2,0,0,0,0,0,0,0,2
IL,Interloan,RR,219,88,"3,384","3,691",15,,25,40,11,145,156,"3,887",189,129,"4,290","4,608",11,4,52,67,21,206,227,"4,902",174,108,3616,3903,14,0,53,62,129,192,321,4286,140,74,4230,4444,6,1,67,74,60,327,387,4905,216,71,4087,4374,9,0,57,66,66,281,347,4787,124,52,3599,3775,5,2,46,53,21,364,385,4213,217,49,3502,3768,11,2,38,51,25,369,394,4213,155,83,4387,4625,2,1,35,38,40,373,413,5076
AL,Answerline,RR,"13,814",559,"28,673","43,046",582,6,326,914,202,"4,057","4,259","48,219","12,800",763,"29,895","43,458",411,6,285,702,225,"3,938","4,163","48,323",10781,523,27407,38711,473,7,300,780,176,3259,3435,42926,10987,656,28926,40569,319,8,241,568,179,3710,3889,45026,10922,586,31016,42524,442,20,202,664,211,3998,4209,47397,13605,595,33586,47786,484,6,325,815,359,5329,5688,54289,15183,656,34055,49894,404,11,347,762,260,5580,5840,56496,14470,718,31621,46809,451,2,244,697,370,6709,7079,54585
NYCL,North York Central Library,RR,"301,880","30,641","573,142","905,663","11,738",210,"6,537","18,485","12,036","58,964","71,000","995,148","229,311","24,278","453,861","707,450","8,685",122,"4,235","13,042","7,563","36,826","44,389","764,881",154467,14468,394321,563256,4990,50,2720,7760,2683,24197,26880,597896,343565,38099,818956,1200620,14664,238,8691,23593,10157,87948,98105,1322318,401018,45392,970020,1416430,18050,245,10220,28515,14190,112344,126534,1571479,381089,44417,1008306,1433812,16465,238,10646,27349,15842,135693,151535,1612696,399068,57296,1078246,1534610,16052,288,10666,27006,17793,156534,174327,1735943,373229,52295,1059637,1485161,17074,228,11792,29094,20512,168579,189091,1703346
BO,Bookmobile One,CWS,"12,324","1,049","20,346","33,719",27,,129,156,112,627,739,"34,614","12,774","1,398","19,339","33,511",26,1,163,190,141,690,831,"34,532",13888,1939,21481,37308,218,0,134,352,67,1013,1080,38740,14466,1304,28749,44519,66,0,84,150,97,706,803,45472,18549,1884,29366,49799,178,4,131,313,245,920,1165,51277,23533,3189,32934,59656,119,2,88,209,265,1201,1466,61331,22294,2276,34818,59388,229,17,81,327,43,868,911,60626,23596,2881,39918,66395,179,0,99,278,287,905,1192,67865
BT,Bookmobile Two,CWS,"9,248",916,"10,850","21,014",3,,26,29,10,746,756,"21,799","10,834","1,118","13,205","25,157",15,,5,20,32,672,704,"25,881",11723,1684,12364,25771,4,0,53,57,8,585,593,26421,12770,1170,14507,28447,44,0,25,69,14,829,843,29359,14923,1652,15655,32230,42,1,25,68,38,1363,1401,33699,19086,2404,18999,40489,55,3,20,78,245,1577,1822,42389,29410,4216,34853,68479,70,6,48,124,370,2578,2948,71551,29393,5260,33409,68062,172,4,104,280,192,2355,2547,70889
HLS,Home Library Service,CWS,"2,276",552,"283,291","286,119",32,,853,885,33,"5,360","5,393","292,397","3,282",533,"326,867","330,682",13,,670,683,63,"6,373","6,436","337,801",3463,602,356901,360966,39,0,643,682,23,6586,6609,368257,5012,837,398017,403866,55,0,1148,1203,52,8065,8117,413186,3834,746,388151,392731,15,0,1257,1272,13,6049,6062,400065,4410,849,373558,378817,14,0,967,981,14,5415,5429,385227,4446,832,399747,405025,4,1,1255,1260,61,5091,5152,411437,5715,677,372044,378436,53,3,812,868,26,5114,5140,384444
ALD,Adult Literacy Department,CWS,148,4,"1,217","1,369",,,,,,,,"1,369",55,6,"1,722","1,783",,,,,,,,"1,783",26,0,1375,1401,0,0,0,0,0,0,0,1401,77,2,2093,2172,2,0,0,2,1,0,1,2175,42,4,3260,3306,19,0,0,19,0,0,0,3325,68,11,3116,3195,0,0,0,0,0,0,0,3195,58,19,2276,2353,0,0,0,0,0,0,0,2353,45,5,2120,2170,0,0,0,0,0,0,0,2170
SH,Sunnybrook Hospital,CWS,"2,926",258,"28,405","31,589",5,,174,179,,428,428,"32,196","2,356",287,"32,700","35,343",17,1,204,222,3,314,317,"35,882",1942,237,35210,37389,2,4,169,175,1,737,738,38302,2428,358,36315,39101,8,0,96,104,7,521,528,39733,2678,579,40108,43365,23,1,160,184,4,752,756,44305,2582,756,38553,41891,17,0,88,105,7,556,563,42559,3294,520,38954,42768,22,0,75,97,15,469,484,43349,2860,425,42515,45800,27,0,67,94,20,1010,1030,46924
APS,Automated Phone System,RS,"57,056","3,353","149,486","209,895","1,928",14,"1,293","3,235",846,"23,227","24,073","237,203","75,816","3,926","183,923","263,665","2,866",25,"1,391","4,282","1,029","30,005","31,034","298,981",82489,3851,201000,287340,3196,16,1319,4531,1170,35409,36579,328450,103950,5117,244105,353172,3828,32,1819,5679,1940,41242,43182,402033,117592,5788,260072,383452,3962,28,2112,6102,1824,46767,48591,438145,129321,7077,272799,409197,3900,44,2292,6236,2322,53189,55511,470944,145015,8726,299163,452904,4092,64,2349,6505,3079,57990,61069,520478,163472,9864,314649,487985,4853,54,2746,7653,4114,71138,75252,570890
ET,eTitles,RS,,,"8,075,177","8,075,177",,,,,,,,"8,075,177",,,"7,001,209","7,001,209",,,,,,,,"7,001,209",0,0,5639413,5639413,0,0,0,0,0,0,0,5639413,0,0,5024490,5024490,0,0,0,0,0,0,0,5024490,0,0,4395657,4395657,0,0,0,0,0,0,0,4395657,0,0,3488252,3488252,0,0,0,0,0,0,0,3488252,0,0,2105515,2105515,0,0,0,0,0,0,0,2105515,0,0,1073340,1073340,0,0,0,0,0,0,0,1073340
DS,Departmental Staff,OT,"2,034",330,"10,492","12,856",345,1,99,445,111,614,725,"14,026","1,834","1,515","8,549","11,898",458,3,91,552,95,403,498,"12,948",1155,253,6100,7509,409,1,63,472,46,264,310,8291,1248,275,5414,6937,176,12,54,242,13,260,273,7452,1143,139,5097,6379,143,8,92,243,7,305,312,6934,925,75,4251,5251,12,0,48,60,33,566,599,5910,628,545,3604,4777,181,3,415,599,18,674,692,6068,2486,122,6515,9123,160,14,139,313,145,645,790,10226
