Programs by Age Group,,,,,,,,,,,,,,,,,,,,,,,,,,,,,,,,,,,,,,,,,,,,,,,,,,,,,,,,,,,,,,,,,,,,,,,,,,,,,,,,,,,,,,,,,,
,,,,,,,,,,,,,,,,,,,,,,,,,,,,,,,,,,,,,,,,,,,,,,,,,,,,,,,,,,,,,,,,,,,,,,,,,,,,,,,,,,,,,,,,,,
,,,2019,2019,2019,2019,2019,2019,2019,2019,2019,2019,2019,2019,2018,2018,2018,2018,2018,2018,2018,2018,2018,2018,2018,2018,2017,2017,2017,2017,2017,2017,2017,2017,2017,2017,2016,2016,2016,2016,2016,2016,2016,2016,2016,2016,2015,2015,2015,2015,2015,2015,2015,2015,2015,2015,2014,2014,2014,2014,2014,2014,2014,2014,2014,2014,2013,2013,2013,2013,2013,2013,2013,2013,2013,2013,2013,2013,2012,2012,2012,2012,2012,2012,2012,2012,2012,2012,2012,2012
,,,Pre-School,Pre-School,Child,Child,Teen,Teen,Young Adult,Young Adult,Adult,Adult,Senior,Senior,Pre-School,Pre-School,Child,Child,Teen,Teen,Young Adult,Young Adult,Adult,Adult,Senior,Senior,Pre-School,Pre-School,Child,Child,Teen,Teen,Adult,Adult,Senior,Senior,Pre-School,Pre-School,Child,Child,Teen,Teen,Adult,Adult,Senior,Senior,Pre-School,Pre-School,Child,Child,Teen,Teen,Adult,Adult,Senior,Senior,Pre-School,Pre-School,Child,Child,Teen,Teen,Adult,Adult,Senior,Senior,Pre-School,Pre-School,Child,Child,Teen,Teen,Adult,Adult,Senior,Senior,Co-Sponsored,,Pre-School,Pre-School,Child,Child,Teen,Teen,Adult,Adult,Senior,Senior,Co-Sponsored,Co-Sponsored
ID,Branch Name,Tier,Pro,Att,Pro,Att,Pro,Att,Pro,Att,Pro,Att,Pro,Att,Pro,Att,Pro,Att,Pro,Att,Pro,Att,Pro,Att,Pro,Att,Pro,Att,Pro,Att,Pro,Att,Pro,Att,Pro,Att,Pro,Att,Pro,Att,Pro,Att,Pro,Att,Pro,Att,Pro,Att,Pro,Att,Pro,Att,Pro,Att,Pro,Att,Pro,Att,Pro,Att,Pro,Att,Pro,Att,Pro,Att,Pro,Att,Pro,Att,Pro,Att,Pro,Att,Pro,Att,Pro,Att,Pro,Att,Pro,Att,Pro,Att,Pro,Att,Pro,Att,Pro,Att
AG,Agincourt,DL,181,"6,502",145,"5,970",76,1114,1,18,450,6175,19,303,182,"6,471",200,6597,87,"1,507",,,428,"5,509",36,602,244,6621,34,431,278,3773,131,3255,14,330,205,7362,98,2505,41,564,114,1868,30,579,181,5315,177,4326,39,955,309,6013,73,1552,177,5329,87,4032,44,759,282,5142,67,1142,180,5402,120,5376,17,544,234,3767,27,465,159,3479,185,5923,87,3922,17,423,171,2625,21,477,123,3112
ACD,Albert Campbell,DL,139,"3,704",122,"3,079",39,725,0,0,203,1761,11,79,157,"3,596",153,3421,63,872,5,59,281,"2,566",33,237,195,"4,728",28,296,305,2606,192,5933,22,359,223,5163,143,3313,53,788,336,2782,45,629,161,3795,154,4418,24,363,164,1729,39,533,163,3478,153,4885,35,599,227,2639,11,147,181,5349,189,6786,63,865,82,506,22,304,92,1012,141,3058,179,7087,138,1537,91,606,0,0,81,953
AB,Albion,DL,288,"10,452",244,"7,112",435,9841,16,170,219,2151,65,688,239,"7,651",224,6863,403,10010,35,213,278,"2,225",37,228,234,6158,233,6320,255,2541,225,6162,16,142,362,9368,297,8057,106,1812,288,3536,28,242,403,10269,246,9067,121,1895,178,2410,12,158,297,6861,188,7294,85,1457,194,2011,32,234,207,5080,211,8258,97,1923,194,1587,14,106,51,2646,182,5192,227,9155,43,672,175,1404,8,97,36,1679
AD,Alderwood,NL,298,"5,348",128,"4,298",0,0,2,12,20,140,10,45,306,5617,102,3580,,,,,49,258,,,282,4834,,,20,186,111,2901,1,5,288,5647,105,3294,1,19,24,204,,,249,4964,93,2782,,,22,170,3,14,135,2912,44,1388,1,62,24,177,,,25,634,53,1445,0,0,21,133,1,1,5,106,32,1197,26,829,0,0,11,107,0,0,5,62
AP,Amesbury Park,NL,51,"1,189",59,"1,010",9,50,1,8,30,169,0,0,37,862,69,1090,22,98,5,27,33,218,1,5,40,1342,3,28,3,53,18,304,,,63,1298,90,1589,13,105,7,73,,,87,2012,76,2344,4,53,2,77,,,73,1545,67,2251,19,187,9,338,1,8,22,493,62,1708,11,148,3,24,0,0,17,244,24,380,36,1421,1,25,1,30,0,0,4,207
AN,Annette Street,NL,138,3334,104,"2,372",8,215,1,2,125,1366,2,17,138,"4,782",100,2121,7,318,3,59,150,1617,2,66,200,7782,9,218,118,1730,63,2149,13,84,145,3610,90,2678,5,337,139,2058,1,34,257,6017,73,2844,5,113,109,1536,,,162,3923,80,2553,8,153,103,1305,,,59,1685,81,2174,4,191,22,241,11,50,192,3143,76,2628,78,2382,1,15,133,1101,3,27,195,4078
AH,Armour Heights,NL,13,379,83,"1,440",2,19,0,0,6,131,1,14,25,619,95,1925,,,,,2,49,1,16,7,84,,,11,115,100,1963,5,5,11,135,96,2096,,,,,1,1,25,496,21,724,1,15,,,,,34,736,15,441,,,,,,,0,0,18,510,0,0,0,0,0,0,0,0,1,63,13,278,0,0,0,0,0,0,0,0
BF,Barbara Frum,DL,181,"3,672",162,2968,491,7668,6,288,189,3192,101,"1,862",219,5420,191,4040,499,7668,3,44,180,"2,910",97,"1,664",230,6282,196,3022,239,4466,223,4362,135,2073,254,7137,155,4150,30,523,208,3276,209,3185,192,5580,129,2635,37,597,189,3393,168,2294,168,4623,110,2730,66,984,128,2102,128,2879,137,4475,47,1830,21,400,82,2925,33,834,209,4722,133,4480,54,2408,28,895,95,2831,63,1298,283,5877
BY,Bayview,NL,60,"2,779",36,962,0,0,0,0,19,312,18,362,46,3242,36,1285,1,20,,,25,354,5,167,79,4735,3,78,48,660,73,2551,14,352,56,2345,26,1128,2,68,20,177,,,24,692,14,399,2,27,14,64,,,9,318,8,338,1,7,6,57,,,11,170,8,372,0,0,1,20,0,0,3,32,0,0,19,885,0,0,0,0,0,0,0,0
BE,Beaches,NL,121,3631,44,"1,341",2,77,0,0,83,"1,143",57,825,134,"3,253",40,683,1,58,1,23,83,773,56,927,82,2467,1,24,74,999,22,460,52,712,49,1425,35,927,6,145,69,922,58,741,74,3149,37,941,4,148,73,1083,55,760,51,2547,35,1615,3,75,73,1116,49,593,56,2528,17,888,1,35,26,311,50,758,62,908,73,2883,25,644,0,0,21,269,48,1010,73,1318
BD,Bendale,NL,28,722,71,"1,677",17,536,0,0,21,189,9,1037,110,"2,207",152,3764,9,23,,,18,265,17,726,68,1353,2,16,45,676,93,2512,1,8,68,1067,72,2111,2,25,61,825,14,46,39,1054,60,1980,2,94,44,833,1,12,63,1654,78,2779,3,75,67,1314,11,253,67,1908,54,1282,0,0,26,290,6,80,32,1201,86,2314,53,1566,0,0,26,376,1,20,18,763
BC,Black Creek,NL,84,"2,505",220,"3,621",1,31,2,19,78,686,0,0,68,"1,559",208,3946,2,33,,,65,610,,,30,939,,,63,381,186,3756,1,15,54,2268,167,2952,7,188,55,431,,,87,3909,95,2309,1,9,56,390,,,59,4185,53,1743,15,190,43,308,,,6,168,37,1206,7,83,30,160,0,0,29,2283,1,20,22,1220,10,99,64,668,1,12,49,4327
BL,Bloor Gladstone,DL,248,"10,120",222,"5,142",69,824,13,168,324,4052,29,202,250,"9,710",152,4072,60,"1,019",3,43,264,"3,123",35,293,180,"5,345",49,821,126,1812,127,3348,3,22,132,3590,142,3972,30,485,117,1264,6,79,158,4060,141,4473,48,950,98,1315,1,20,166,5089,137,4601,42,724,120,1996,,,79,3896,123,4905,33,956,76,687,0,0,8,165,92,2947,145,3919,57,952,102,1125,0,0,7,316
BR,Brentwood,DL,185,"8,406",142,"2,994",78,1270,3,37,463,5387,29,206,253,"11,112",192,4789,118,"2,184",1,15,574,"6,529",63,418,230,10250,73,"1,052",553,6057,224,5709,74,551,215,8098,145,2980,75,901,551,5434,62,620,190,6186,238,5078,64,678,479,5209,15,165,136,4051,104,3619,31,354,283,3306,8,72,120,3480,86,3036,19,119,177,2288,14,172,14,144,16,407,6,185,5,24,15,261,0,0,0,0
BRW,Bridlewood,NL,119,"2,651",201,4388,30,226,1,71,82,1104,67,691,131,"2,919",201,4642,26,276,1,16,120,1524,61,688,113,2468,33,347,107,1790,161,5129,48,594,130,3160,166,5675,43,572,82,1412,67,983,122,3076,150,5331,44,526,101,1556,87,954,121,2758,112,4340,54,598,117,1507,52,560,106,2092,85,3102,63,312,14,167,35,35,247,5057,100,1986,85,2162,102,429,1,30,2,59,259,4702
BB,Brookbanks,NL,63,"1,620",45,965,15,161,0,0,11,119,0,0,68,"1,118",71,1469,14,135,2,28,10,54,3,43,58,1022,8,205,9,72,45,1210,6,57,79,1483,59,1233,18,333,7,60,23,151,49,891,90,1370,9,220,3,22,16,89,67,1294,82,1406,9,159,22,332,17,107,45,618,30,1033,4,45,47,1082,0,0,49,522,70,1168,30,1047,14,288,46,1261,1,10,60,1001
BUR,Burrows Hall,NL,109,"2,209",59,"1,212",2,6,0,0,129,880,0,0,118,"1,982",78,2257,3,24,6,36,139,"1,057",,,97,"2,292",15,133,198,1516,54,1340,2,138,128,2924,51,1692,8,70,160,1214,4,63,84,1424,41,1170,5,111,53,537,1,120,88,1504,55,1823,6,30,53,595,,,96,2046,41,1437,9,91,32,323,1,75,38,364,81,1497,30,675,8,98,34,511,0,0,39,276
CED,Cedarbrae,DL,129,"2,868",236,"6,734",614,"12,528",4,30,353,6710,23,206,172,"4,652",219,7102,717,"15,771",4,41,206,"3,463",50,464,145,"4,049",635,"12,797",251,5286,255,6942,56,498,192,5967,154,5273,437,10761,188,4271,64,645,204,5958,134,4902,114,4057,170,4058,49,498,186,5975,110,4087,31,673,223,4241,17,243,214,5765,124,3965,51,1500,104,1246,1,105,92,2469,238,5378,131,4321,34,993,116,1564,0,0,75,2263
CE,Centennial,NL,157,"4,949",119,2081,524,7562,0,0,175,2298,25,157,137,4436,128,2266,580,10358,5,25,202,"2,306",61,682,130,4338,366,7081,238,3183,56,1117,51,850,79,3776,65,1109,198,3041,205,2246,51,723,66,3582,96,2031,220,2977,245,2224,26,424,91,3788,60,1212,179,2927,294,2875,36,584,26,733,33,1022,167,2578,145,2020,45,771,172,4794,29,637,38,1232,161,2242,140,1861,45,942,134,3411
CH,City Hall,NL,196,5539,26,590,1,18,0,0,46,1489,0,0,183,4926,17,718,1,29,,,61,904,1,16,125,4359,,,51,1134,23,654,,,122,4679,10,284,,,50,1125,,,91,2496,4,148,,,36,1180,,,34,960,2,36,,,30,675,,,34,809,1,27,0,0,18,386,0,0,0,0,19,496,0,0,0,0,15,205,0,0,0,0
CC,Cliffcrest,NL,46,867,80,"1,209",2,52,1,20,113,1296,2,39,33,435,73,1097,7,307,1,11,79,777,28,323,67,746,2,153,67,667,58,1049,20,231,76,1505,46,1157,1,7,55,755,25,417,85,1716,52,1127,1,57,89,1125,3,51,74,1206,54,1747,4,81,86,864,4,35,23,404,49,1423,3,64,66,583,0,0,69,842,31,655,40,778,3,50,59,573,0,0,84,1349
CS,College Shaw,NL,68,"1,598",86,"1,712",3,91,9,94,67,815,1,2,74,"2,015",133,2791,1,21,8,47,85,674,,,169,4055,1,7,107,729,157,2708,3,12,67,775,83,2097,1,27,69,408,,,21,441,17,667,,,51,933,,,33,870,34,1253,,,39,326,,,24,450,42,1797,0,0,13,167,0,0,11,35,22,402,41,1650,1,17,10,132,0,0,15,41
DA,Danforth Coxwell,NL,129,"4,962",77,1913,19,264,0,0,166,1178,13,368,97,4018,44,1570,12,193,1,6,151,1830,13,344,137,5703,41,721,177,1732,99,2944,16,425,135,4909,84,2252,29,490,171,1702,10,194,138,5115,70,2629,32,554,146,1773,11,170,111,4292,78,2794,21,398,110,1032,11,120,101,3740,37,1922,32,531,54,669,11,186,65,755,66,2169,47,1169,6,227,115,1354,9,58,28,872
DT,Davenport,NL,71,"1,466",33,795,0,0,0,0,15,55,1,20,57,"1,065",36,1028,1,20,,,17,118,2,26,51,1030,,,13,116,39,890,4,12,51,916,46,1250,1,18,2,55,5,34,44,1091,57,1546,2,47,12,222,4,27,36,711,49,1047,1,37,5,156,1,9,7,203,68,1540,0,0,1,25,0,0,20,279,20,379,58,1379,0,0,3,33,0,0,18,310
DR,Dawes Road,NL,113,"1,759",158,"3,010",2,30,0,0,103,"3,029",0,0,128,"2,596",144,2469,6,65,1,6,88,"2,354",37,788,92,1354,24,358,75,2512,140,2969,1,6,95,1417,149,2961,7,51,50,2081,1,7,87,1339,61,1476,1,16,47,1687,5,214,79,1548,67,1488,10,93,40,1840,,,64,800,87,2119,8,48,9,52,0,0,39,2186,55,997,87,2238,13,95,16,74,2,24,29,1814
DP,Deer Park,NL,100,"2,408",95,"2,243",8,151,2,20,81,"1,516",81,"1,423",115,"2,450",103,3014,4,97,,,87,"1,598",,,88,1718,,,67,"2,497",73,1712,5,131,108,2590,83,2222,6,162,77,2840,1,48,101,1960,28,1120,2,129,66,3102,,,79,1566,21,662,2,30,67,2352,5,88,51,1457,34,954,1,72,52,1924,2,59,10,73,40,1325,21,515,3,168,63,2288,7,94,23,246
DM,Don Mills,DL,162,4200,140,"4,124",38,686,0,0,59,1199,99,"1,211",155,"4,639",195,4372,50,691,4,88,125,2163,110,"1,828",148,5155,57,904,158,2901,204,4997,97,1436,162,5449,179,4692,46,812,161,2358,84,1083,135,4315,142,3836,51,986,89,1612,45,1074,119,3936,109,3229,47,1172,53,1260,24,570,124,3863,62,2888,10,309,72,1730,26,441,2,69,127,4045,56,3494,8,210,86,1393,31,602,5,104
DO,Downsview,NL,70,"2,280",139,"2,614",278,6763,25,203,183,4937,2,13,97,"2,491",155,2513,296,6704,33,535,344,"10,424",17,259,70,1224,65,744,328,14457,145,2561,29,422,85,2040,120,2470,40,445,274,14850,11,160,103,2371,186,4125,53,458,315,14590,,,101,2922,150,3760,65,975,224,15036,22,299,84,2353,116,4980,42,553,91,1678,25,386,167,16083,71,2280,127,6756,62,899,84,907,7,120,122,15726
DU,Dufferin St. Clair,NL,165,"5,948",106,"2,122",23,290,0,0,40,547,19,199,145,"6,032",84,1500,8,99,3,28,53,471,6,91,130,5297,11,111,35,274,52,1153,10,130,164,5781,39,768,16,217,29,319,19,275,146,4260,83,1285,9,75,23,233,18,290,148,3834,60,1286,12,206,18,248,14,379,72,1936,60,1373,2,46,10,217,9,186,86,2459,69,2044,61,1753,1,6,8,120,0,0,44,705
EA,Eatonville,NL,137,"4,552",115,2737,25,254,1,7,165,2079,140,"1,684",221,7580,94,2519,44,305,2,11,110,1286,154,2232,172,5400,61,484,138,1867,130,4799,171,2206,148,4836,129,3713,79,648,152,1687,86,1158,142,3276,57,2502,104,1014,172,2373,83,1404,141,3131,102,3588,81,962,226,3216,42,1153,74,1955,47,2972,35,597,104,1544,0,0,25,470,124,4290,44,2600,25,337,102,1381,2,28,29,427
ES,Eglinton Square,NL,96,"2,646",52,949,3,12,2,16,25,349,48,497,132,3188,48,1312,6,34,2,28,76,803,53,669,71,1250,,,24,291,58,1374,26,339,62,1052,30,775,1,20,22,183,13,97,105,1734,57,1279,,,51,476,61,407,101,1740,54,1204,,,54,563,64,312,89,1527,53,1485,2,52,19,259,55,262,40,531,64,923,41,1158,11,33,24,324,41,207,48,651
EB,Elmbrook Park,NL,86,"1,320",110,"1,481",8,80,0,0,104,970,4,43,84,"1,241",69,881,15,168,,,86,945,8,99,105,1769,27,320,29,239,130,2619,51,404,135,2388,160,2000,28,351,18,175,12,91,124,2429,51,1426,15,188,16,368,9,59,73,1323,52,1092,,,11,59,8,51,63,1251,20,1136,0,0,19,125,0,0,0,0,61,1174,60,1295,1,20,19,144,0,0,0,0
EG,Evelyn Gregory,NL,102,"2,862",151,"3,497",19,121,1,13,88,539,0,0,86,"1,522",132,1730,19,222,,,90,717,,,75,"1,250",22,310,74,563,121,1863,,,71,1245,106,2206,38,425,36,312,,,85,1500,91,2355,15,187,20,275,,,97,1592,147,3986,19,238,8,236,,,43,829,119,3111,8,147,19,243,0,0,5,45,53,848,84,2644,10,92,8,125,6,30,9,104
FV,Fairview,DL,108,"4,370",176,"6,887",470,"9,113",6,77,486,"10,320",45,554,152,"5,776",228,8738,464,"9,980",3,30,479,"10,407",47,770,138,5274,369,11145,483,10544,317,11479,27,440,164,5534,286,10723,161,1638,500,10826,44,640,150,4755,307,10397,150,2220,548,11816,30,400,115,3812,165,7386,95,1468,247,5506,22,227,4,395,1,28,2,170,1,14,0,0,0,0,30,1535,81,4622,49,1613,24,351,0,0,136,6946
FP,Flemingdon Park,NL,95,"2,884",144,"3,332",231,6338,1,6,129,1517,92,"2,830",63,"2,493",74,2111,164,3115,25,196,119,"1,522",129,"2,061",64,3258,61,886,93,1025,70,1616,38,315,27,926,53,1933,60,390,58,649,36,293,72,1686,81,2259,110,1363,58,772,34,257,76,2179,65,1855,94,989,83,1029,2,42,56,1352,165,4985,30,406,37,364,0,0,67,1333,36,778,153,3039,34,521,12,111,0,0,79,1058
FH,Forest Hill,NL,105,"4,025",109,"1,817",12,81,0,0,56,212,12,36,257,"8,676",118,2700,13,40,,,55,225,23,155,195,6883,1,20,8,57,96,1793,,,128,4025,62,1230,,,10,46,,,164,5196,42,1535,1,32,2,26,,,145,4259,20,551,,,6,61,1,11,66,1637,27,605,4,109,1,50,0,0,27,908,101,2908,34,805,3,54,2,25,0,0,7,258
FO,Fort York,NL,120,"4,918",116,"2,355",37,370,114,546,66,396,0,0,155,"6,873",113,2371,8,68,29,203,165,1264,,,146,5239,23,171,206,1664,97,1459,,,200,6926,91,1362,7,41,172,1588,,,207,7253,87,1499,6,56,175,1833,1,25,81,3270,79,2162,5,63,94,1440,1,5,,,,,,,,,,,,,,,,,,,,,,,,
GE,Gerrard Ashdale,NL,143,"3,472",81,"1,820",3,39,0,0,159,887,1,4,54,"1,233",68,1650,2,15,4,120,139,"1,127",17,63,40,1172,19,226,195,1593,102,1824,3,7,63,1562,93,2122,18,118,209,1710,2,13,57,1802,85,1961,15,113,193,1115,,,57,1184,56,1926,13,113,204,1300,,,39,1071,83,1715,9,138,147,1068,0,0,7,25,36,1027,122,2860,7,190,59,548,0,0,12,93
GHP,Goldhawk Park,NL,223,6834,92,2493,21,322,2,53,152,6780,2,22,236,6496,100,3140,14,157,,,153,5937,,,251,7358,14,92,165,5377,101,3324,,,212,6899,88,3196,18,124,199,5526,,,170,7554,80,2559,12,163,193,5893,1,39,103,3486,73,2943,28,324,243,6323,,,58,2044,64,2645,34,363,14,258,1,50,217,6769,84,2287,46,2469,23,362,17,288,1,79,138,4097
GW,Guildwood,NL,57,"1,772",29,747,12,43,0,0,4,16,18,197,68,962,40,1153,,,,,,,20,246,78,1008,,,,,45,1118,20,253,54,728,53,1170,,,10,95,12,220,60,730,37,824,,,6,82,8,99,65,1038,22,727,1,30,12,175,6,12,55,655,41,1101,0,0,11,196,1,12,2,11,50,691,37,1005,0,0,11,154,6,12,1,37
HP,High Park,NL,151,"5,830",87,"1,454",17,97,1,11,96,737,6,83,195,"7,751",57,1722,7,73,,,79,695,2,55,156,5552,,,85,897,58,1185,,,157,6796,49,1053,,,60,718,,,134,5634,76,2113,,,68,721,,,115,3855,62,1671,1,20,68,618,,,129,4252,37,1325,0,0,66,619,0,0,2,52,123,3964,24,732,1,11,23,282,0,0,39,228
HC,Highland Creek,NL,61,1620,93,"1,951",0,0,4,24,15,269,1,2,122,"3,186",99,2787,2,4,,,11,148,1,2,112,3436,6,31,7,224,97,2174,,,93,2578,71,1449,,,17,274,1,30,97,2804,67,1504,,,6,146,2,4,83,3475,103,3275,3,100,15,437,,,26,631,102,2874,0,0,26,289,9,93,69,1173,42,953,55,3273,0,0,6,124,7,178,30,1524
HIL,Hillcrest,NL,27,831,47,1357,17,191,0,0,10,203,38,1354,19,698,56,1521,11,163,4,57,14,215,39,966,17,381,17,291,22,308,56,1329,57,1189,29,662,122,1459,16,255,24,148,78,1498,38,703,42,651,22,295,20,156,53,882,27,632,14,588,7,114,23,388,37,411,18,389,33,1348,1,20,12,252,6,157,33,620,16,383,19,624,1,34,5,99,3,90,33,337
HB,Humber Bay,NL,36,584,73,696,2,20,0,0,86,814,28,364,3,54,25,326,2,37,2,18,74,695,37,663,6,246,,,68,679,38,520,29,1063,12,306,17,236,,,19,179,5,289,10,265,3,184,,,,,,,12,265,6,241,,,,,,,0,0,10,191,0,0,0,0,0,0,0,0,0,0,0,0,0,0,0,0,0,0,0,0
HS,Humber Summit,NL,112,"2,299",258,"3,435",44,128,3,8,80,267,99,"2,758",188,"3,749",203,4674,12,34,,,99,447,113,"2,573",31,404,,,31,383,17,335,31,430,67,1023,52,867,20,227,64,415,,,117,1293,74,1758,35,524,51,216,8,8,166,2892,85,3771,5,211,14,489,4,6,59,1969,67,1682,22,842,17,126,2,257,30,3530,43,1169,42,1675,10,193,0,0,0,0,30,3554
HW,Humberwood,NL,125,"3,355",122,"2,218",11,97,6,11,22,154,2,129,104,"3,310",264,5858,5,44,,,28,205,10,53,87,3322,14,366,73,527,264,7047,10,149,98,3180,325,7250,18,283,85,715,4,34,74,2411,338,7374,21,481,90,721,3,88,64,1420,491,12482,24,634,119,1021,7,194,152,3616,303,6554,33,805,31,383,9,179,70,1631,152,3356,170,4618,51,848,14,159,6,33,78,1234
JD,Jane Dundas,NL,131,2887,72,"1,716",22,194,1,9,57,540,3,52,239,"4,795",120,2730,46,301,1,3,61,738,3,52,241,6139,55,465,45,489,132,2890,3,20,279,5385,123,2581,40,305,49,445,,,259,5897,103,2693,38,253,32,541,,,243,6105,108,2632,17,237,40,617,1,31,223,5563,115,2660,0,0,22,237,0,0,24,199,271,7164,131,2549,40,516,14,204,0,0,9,129
JS,Jane Sheppard,NL,87,"1,851",126,"2,528",44,761,4,53,114,1252,18,155,84,"1,490",139,1988,44,805,4,62,30,618,19,98,20,298,106,1075,23,288,99,1800,,,37,491,169,3071,97,1281,5,164,5,52,19,337,150,2707,94,1044,8,106,7,98,45,530,134,2733,61,841,42,252,16,99,53,757,171,3007,56,854,62,521,35,275,105,1599,50,631,113,2463,52,686,24,332,3,28,9,298
JO,Jones,NL,124,"3,237",77,"2,382",1,25,0,0,24,165,38,222,102,3115,132,4589,4,39,,,49,397,22,194,125,4662,11,179,72,558,125,3759,4,10,143,4619,123,3808,7,96,33,298,36,211,126,3875,136,4024,11,163,24,339,47,336,75,2045,106,3215,18,229,56,434,4,46,83,3211,80,2194,16,181,38,252,6,27,5,5,74,2440,81,2649,25,425,27,251,1,5,0,0
KE,Kennedy Eglinton,NL,63,"1,715",79,"2,053",49,540,1,12,37,320,8,44,71,1462,62,1311,61,976,14,98,45,420,75,410,72,2051,22,257,39,433,72,1859,1,2,70,1578,65,1939,31,352,56,708,2,25,108,2638,44,1325,36,504,84,1200,1,9,74,2619,52,1432,41,662,89,1132,8,151,61,2301,52,1841,38,618,78,1192,5,81,63,1062,49,1702,69,2160,39,459,108,1181,0,0,15,226
LE,Leaside,NL,90,"2,875",86,"2,264",22,278,1,8,97,"1,014",39,1611,173,"4,563",53,997,12,142,1,3,93,825,29,"1,425",185,5839,7,93,144,"1,424",63,1274,27,1303,180,6195,82,1897,8,70,141,1570,37,1395,133,5092,33,624,15,179,82,1189,29,1300,138,3861,25,524,11,89,33,696,31,1416,123,3564,36,689,25,181,56,575,0,0,91,2258,146,4028,30,690,26,225,56,802,5,26,46,1391
LHS,Lillian H. Smith,DL,111,"2,443",114,"2,211",28,563,13,172,168,1650,134,"2,318",67,924,151,3197,20,320,40,412,257,"2,590",222,"3,622",75,972,18,160,201,2265,139,2911,200,3238,93,1783,102,3473,64,680,202,3234,134,2514,109,2430,147,3812,23,382,198,3187,57,1133,99,1822,125,3551,16,245,156,2800,6,146,49,877,118,3404,11,148,116,1718,1,5,72,2327,145,3762,92,2865,35,585,139,2331,0,0,57,1297
LO,Locke,NL,143,"4,556",78,"3,213",2,20,0,0,79,738,6,42,185,"6,296",69,3161,,,10,50,57,618,5,39,184,5916,4,137,101,1241,115,3956,4,32,179,5485,79,3510,22,554,85,902,3,32,188,5533,87,3618,20,421,41,455,2,24,191,5574,76,3199,22,492,38,417,,,168,5199,63,2969,6,250,54,916,0,0,19,455,167,5504,59,2450,1,91,67,1039,0,0,18,451
LB,Long Branch,NL,85,"2,541",96,"2,288",0,0,0,0,68,484,1,7,61,"1,959",70,1759,,,,,76,593,,,49,1411,,,80,548,43,1033,4,34,73,2174,35,1219,,,83,636,,,51,1664,32,1141,1,13,80,710,,,62,2221,63,1655,1,23,86,793,,,45,1636,45,1806,5,31,57,418,0,0,29,369,38,1340,53,2359,0,0,67,672,0,0,24,315
MA,Main Street,NL,190,"4,788",161,"4,034",6,104,3,40,105,950,1,2,154,"4,863",110,2285,3,41,1,2,100,962,4,49,167,"5,467",3,14,86,920,110,2408,3,27,191,5293,94,1743,2,15,11,137,53,410,99,2810,63,1055,2,57,33,406,12,81,106,2496,57,1193,,,49,571,17,122,366,2026,53,1454,5,16,9,73,0,0,66,611,57,1836,54,1395,1,6,2,28,1,2,59,560
MAL,Malvern,DL,259,"5,299",376,"9,289",375,"3,599",14,162,347,4826,54,882,313,"6,752",398,11086,425,"4,489",7,175,360,"4,763",65,"1,067",289,"5,802",293,"3,269",385,5642,368,10358,57,978,376,8285,207,6706,169,1697,291,4748,22,380,236,5806,222,7808,135,1884,258,8945,31,583,256,5152,263,6786,150,1994,289,5636,33,449,119,2289,242,7956,120,2107,247,2229,52,172,212,4536,99,1966,181,7108,124,2044,127,1447,19,137,108,3524
MAS,Maria A. Shchuka,DL,109,"3,359",175,"3,544",401,7927,3,24,252,2718,40,680,150,"5,462",239,5077,471,8362,13,108,293,2905,38,496,132,5165,412,8554,189,1564,251,5704,15,116,179,6231,331,7359,145,2755,185,1912,35,319,164,5175,283,6302,93,1420,147,1612,13,110,203,6025,312,7429,118,1806,154,1341,15,180,147,5389,231,7197,45,866,185,2491,10,145,37,583,137,4906,239,7772,25,793,137,1664,18,227,63,905
MRV,Maryvale,NL,71,"1,370",60,"1,332",7,58,1,13,63,658,0,0,71,"1,626",80,1467,11,107,1,10,89,879,2,8,44,753,15,181,88,798,75,1649,4,7,82,1659,41,694,5,105,29,272,3,23,74,1264,62,1353,1,61,10,134,4,53,53,1010,64,1482,1,27,13,129,,,76,1651,54,1604,1,10,11,137,0,0,0,0,78,1592,46,1393,0,0,9,130,0,0,8,64
MCG,McGregor Park,NL,62,1305,96,"2,422",30,408,1,2,16,224,17,113,47,"1,058",134,2830,64,698,3,41,20,262,7,49,32,809,60,781,33,332,186,4414,7,113,50,1071,66,1821,85,969,32,404,11,135,179,4368,80,2986,92,927,31,451,7,74,218,5145,70,2424,58,671,53,904,4,70,186,4013,84,3829,42,660,21,437,6,49,14,160,138,3367,108,3505,29,403,11,173,0,0,10,242
MI,Mimico Centennial,NL,50,870,51,"1,905",13,109,1,45,87,2002,21,261,69,"1,462",61,1966,85,605,1,11,93,934,20,276,112,2978,26,223,143,1424,107,2751,15,93,109,2980,110,2180,7,92,124,925,9,80,114,4821,97,1903,6,162,132,1639,10,108,174,5405,37,1545,8,46,81,1638,17,193,40,1272,43,1347,17,168,24,411,14,161,204,5031,34,1392,31,1412,19,260,20,401,3,36,117,4838
MS,Morningside,NL,60,"1,124",93,"2,437",30,147,3,23,84,799,2,27,67,"1,347",125,2988,8,82,5,15,53,352,2,16,82,1359,19,218,55,430,116,2443,6,18,97,2219,96,2843,4,115,60,550,2,6,53,911,89,2440,7,276,69,536,,,58,1073,83,2086,12,213,69,777,10,60,75,1570,66,1500,10,161,32,281,10,42,32,284,79,1113,54,1145,7,172,20,242,0,0,16,167
MD,Mount Dennis,NL,70,"1,607",96,"2,287",11,398,1,4,57,346,4,14,58,1266,124,2974,16,305,1,25,52,322,,,59,1397,18,253,84,594,125,2731,3,37,75,1450,152,3981,20,260,42,340,3,38,71,1217,138,3516,7,50,64,451,4,44,115,1777,152,3996,10,214,96,819,3,44,72,1566,132,4022,8,270,32,41,5,46,59,766,0,0,0,0,0,0,0,0,0,0,0,0
MP,Mount Pleasant,NL,75,2847,72,"1,404",4,36,1,10,91,1462,3,46,87,"4,247",57,1109,,,1,3,87,1329,,,76,3182,,,70,917,26,686,1,12,61,2448,18,715,4,150,53,761,3,27,50,1170,7,170,4,48,37,496,,,58,2316,8,445,,,21,177,,,61,2513,22,807,1,18,25,193,0,0,0,0,66,1806,14,389,17,129,31,465,21,57,0,0
NT,New Toronto,NL,26,"1,143",88,"2,079",0,0,1,20,34,300,14,145,11,202,68,1441,,,,,15,152,45,548,18,487,,,52,704,87,2050,47,570,43,1242,59,1668,,,50,658,28,404,71,1973,49,1187,,,62,855,12,178,37,1232,36,1202,,,3,51,11,164,28,773,33,906,0,0,11,163,1,29,56,833,32,1284,32,1166,0,0,11,143,1,24,44,617
ND,Northern District,DL,98,4188,122,3418,42,540,17,131,175,2166,208,3621,137,7673,162,4831,30,152,36,436,159,1967,150,2732,150,7045,17,425,190,2642,148,4025,69,1331,125,4476,112,3041,31,389,142,1813,101,2464,157,4213,161,3074,31,416,92,2002,41,1155,113,3451,62,2139,64,916,77,1916,27,632,62,3359,43,1654,14,172,37,683,36,928,112,2731,73,4120,50,1553,5,87,17,490,38,1247,108,2643
NE,Northern Elms,NL,74,"1,748",106,"1,269",2,16,0,0,83,290,20,136,46,646,97,1292,3,16,,,62,343,34,211,7,85,1,10,75,387,43,388,24,172,50,737,29,551,,,74,397,11,66,53,1089,52,588,,,69,564,9,34,18,123,37,329,,,56,549,18,90,26,338,35,488,5,20,76,628,13,82,3,9,21,393,18,469,10,135,52,488,5,29,0,0
OV,Oakwood Village Library and Arts Centre,NL,125,"4,168",128,"3,697",31,330,1,70,30,389,0,0,206,6390,132,3258,24,285,15,145,11,214,,,193,5529,9,285,37,236,180,3402,1,10,194,4029,215,3964,7,60,63,527,2,4,182,3973,113,1719,43,617,129,1759,1,2,195,4829,166,2768,46,826,46,546,,,131,2902,101,1973,16,286,16,108,1,1,172,4858,115,2158,60,1502,11,162,6,57,1,16,155,2629
PM,Palmerston,NL,121,"2,922",78,"1,430",12,72,0,0,55,535,1,14,79,"2,223",64,1250,7,24,2,16,53,728,2,17,66,1863,22,657,65,1038,62,1983,6,41,100,2791,76,2409,18,459,67,1200,1,2,107,2677,71,1984,13,171,51,773,2,25,78,2053,42,1993,15,230,39,706,3,21,72,1845,27,1212,11,85,31,951,0,0,12,83,135,4187,36,1540,22,223,33,549,2,4,9,97
PA,Pape Danforth,DL,205,"4,636",128,"2,367",41,555,12,66,151,1185,3,55,137,"2,807",90,1646,27,238,9,90,161,"1,348",3,53,213,"5,639",14,167,147,1453,166,3585,1,4,219,6245,169,3487,32,284,161,1409,7,48,215,5501,107,2529,28,233,145,1488,1,1,211,5412,102,2671,19,227,116,1259,11,40,169,5718,117,2757,18,193,25,682,1,2,79,648,135,4729,71,2304,17,195,37,653,1,8,82,725
PK,Parkdale,NL,112,"2,378",63,1006,16,107,3,166,63,1988,15,895,155,"3,998",214,4292,88,777,1,9,161,"5,994",2,57,84,1804,105,"1,036",221,12742,183,4088,,,111,2451,192,4763,116,1284,200,15641,,,133,2667,196,5869,105,1518,192,11537,,,83,1776,210,7381,107,1556,211,3642,18,160,94,2096,146,6279,67,1705,51,736,1,40,334,6113,115,3259,145,5827,64,1465,51,541,2,8,293,5823
PL,Parliament Street,NL,102,"2,081",74,"1,093",91,1394,9,74,57,448,18,231,118,"1,776",145,2178,24,146,1,1,127,"1,035",34,409,157,3028,28,220,138,1576,161,3054,25,287,163,3461,146,2691,58,408,70,678,63,674,168,3462,117,2402,93,1051,119,1140,8,85,129,2945,93,1837,68,912,190,2174,1,7,119,2689,85,2962,24,230,68,656,1,2,186,1717,164,3465,61,1750,8,101,44,485,1,30,130,1220
PE,Perth Dupont,NL,147,"3,202",118,"2,271",0,0,0,0,78,456,1,10,131,"3,078",154,2685,4,64,4,27,93,611,1,10,95,2310,,,61,357,78,1449,,,37,1270,89,2029,,,63,409,,,59,2011,157,3852,,,58,358,,,69,2076,139,3465,,,57,655,2,2,34,1198,112,3393,0,0,47,629,0,0,0,0,31,891,132,4352,0,0,39,482,0,0,0,0
PV,Pleasant View,NL,86,"2,214",73,1420,4,56,0,0,133,2658,4,25,206,4896,208,3242,,,1,8,118,2503,12,39,210,6769,2,36,118,2759,190,4317,15,60,174,3505,160,4132,10,91,66,3204,5,22,41,1083,32,787,4,176,153,2517,1,69,37,712,35,1196,6,104,78,2722,1,1,69,2024,42,1688,42,527,39,2613,0,0,37,1068,25,556,25,1060,7,152,19,1411,0,0,81,2526
PU,Port Union,NL,116,"3,108",65,"1,682",6,53,1,2,104,1166,10,71,78,"1,869",42,1119,6,27,1,5,109,"1,205",2,54,62,1665,5,63,114,1213,51,1312,,,56,1509,64,1743,9,273,112,1053,1,6,99,2133,37,760,16,550,99,1028,,,98,1935,35,755,,,115,1418,,,39,914,19,397,1,10,106,811,6,145,88,1467,34,736,13,1151,7,105,64,702,0,0,69,1193
QS,Queen Saulter,NL,137,"3,943",50,2011,0,0,3,43,89,936,1,8,221,6633,99,3373,,,3,45,124,"1,270",,,285,7624,1,3,100,936,107,3062,,,298,7647,87,2783,,,69,618,2,22,289,7436,104,2607,,,67,775,,,233,6013,108,2845,,,65,649,24,48,189,4925,89,2908,6,110,66,800,1,9,0,0,140,2835,118,3448,1,21,56,512,1,4,10,478
RX,Rexdale,NL,116,"5,484",85,"2,050",53,532,0,0,15,41,13,129,98,"2,010",23,481,39,449,4,11,5,17,20,195,106,2603,39,366,6,29,18,385,18,201,90,2250,38,507,53,502,5,6,19,262,119,2549,24,622,91,916,,,19,285,110,1939,51,796,110,1094,,,20,320,88,1747,95,1512,44,632,11,88,21,308,0,0,75,1570,65,1108,13,177,14,133,18,297,0,0
RI,Richview,DL,227,"14,175",187,"6,112",134,1335,44,338,266,4178,99,1851,319,"15,517",171,7592,26,356,23,121,123,1614,107,"1,837",168,7184,17,268,116,1353,124,4977,73,1406,302,12400,216,6903,37,587,181,1872,66,1209,202,9205,232,8004,26,365,151,2783,40,717,98,3007,133,5299,31,487,135,1629,55,900,97,3868,66,3037,10,159,96,994,13,263,19,227,128,5826,64,3426,45,631,61,512,15,200,12,386
RD,Riverdale,NL,79,"2,628",119,"2,371",7,136,0,0,209,7021,6,52,51,"1,553",126,2735,9,195,13,679,187,"6,652",13,89,79,1485,21,260,189,7841,93,2475,,,129,3012,99,2089,19,262,149,7130,4,35,113,3621,87,2079,,,148,6526,1,12,110,3388,59,1830,2,98,151,7566,6,40,98,2235,28,957,2,33,88,1747,0,0,154,7038,53,1090,28,467,5,28,99,2732,0,0,154,5729
RN,Runnymede,NL,177,"7,560",112,"3,177",23,319,4,98,312,4957,58,856,144,"5,663",99,2605,26,245,4,91,197,"3,033",43,705,75,"3,223",14,208,53,752,48,1455,25,329,130,5070,49,1626,18,170,86,2181,45,466,109,4204,47,1554,21,295,114,2609,5,55,71,3264,59,1847,14,111,111,2584,26,91,72,2642,46,1714,1,35,106,2495,20,97,3,137,73,3088,69,1366,2,12,90,1899,12,74,7,386
SWS,S. Walter Stewart,DL,203,"7,718",146,"4,479",31,692,0,0,153,1771,18,355,196,"8,154",162,6255,48,"1,368",2,14,201,2517,13,312,199,"9,703",53,"1,340",166,2110,127,4358,3,67,185,7516,86,2938,61,1413,125,1517,1,25,200,8270,96,4730,35,601,106,1504,1,28,188,7296,109,5039,38,651,128,1697,,,147,5174,200,8115,56,755,99,1239,7,156,9,273,148,4846,149,5965,51,624,89,1318,1,15,13,431
SA,Sanderson,NL,110,"2,533",92,"2,268",465,8108,8,87,159,1987,0,0,124,1972,111,2871,415,5185,4,13,152,"1,582",1,8,86,1321,173,3150,85,1445,75,1989,2,39,44,1058,56,2526,136,1830,58,1439,,,42,1070,78,2733,32,1242,67,1513,,,54,1366,81,3284,24,1295,97,2013,,,38,952,68,2958,38,3283,33,301,8,70,33,1065,49,1625,67,3279,26,3460,43,1482,10,47,32,2785
SC,Scarborough Civic Centre,NL,63,"2,021",73,1921,4,45,16,315,103,912,4,34,126,3238,90,1268,8,123,26,205,83,491,2,31,131,3635,4,103,117,1033,79,1448,,,154,3650,87,1747,4,38,160,1264,10,52,70,1932,56,1186,8,128,82,847,,,,,,,,,,,,,,,,,,,,,,,,,,,,,,,,,,,,
SP,Spadina Road,NL,78,1825,54,1054,4,14,2,20,83,602,1,1,105,3140,59,1424,5,66,7,42,82,626,14,140,132,4096,6,170,86,1053,23,445,7,63,131,3695,42,1320,2,24,40,421,7,44,123,2941,48,863,,,16,338,5,43,94,2042,35,837,1,25,24,564,,,71,1749,34,1035,5,58,25,856,0,0,0,0,73,1797,22,795,7,78,33,809,0,0,0,0
SI,St. Clair Silverthorn,NL,52,924,38,643,0,0,0,0,7,43,0,0,36,553,8,77,,,,,,,,,70,948,,,13,165,45,543,,,59,900,59,756,,,12,149,,,118,1565,50,897,3,77,21,261,1,18,143,2189,32,722,,,36,261,,,42,520,24,572,0,0,21,195,0,0,0,0,40,552,28,589,0,0,10,217,0,0,0,0
SJ,St. James Town,NL,138,"2,127",64,886,1,6,5,46,54,534,6,59,142,2371,83,2102,11,152,1,10,75,704,,,144,2557,12,122,118,1199,137,2906,3,25,120,2602,62,2326,2,27,95,862,4,37,81,1834,35,1153,6,53,181,1260,,,125,2627,75,2168,3,66,225,1262,1,6,23,642,76,1965,1,45,5,41,4,78,111,671,40,1202,47,1692,2,54,9,59,0,0,153,2099
SL,St. Lawrence,NL,127,"2,838",50,"1,237",5,66,7,83,51,763,6,55,69,"1,811",29,364,2,9,,,37,540,9,104,127,2181,,,41,588,63,1101,14,259,125,2209,45,862,8,29,44,614,19,318,101,1904,23,516,21,528,24,458,4,54,107,2355,58,1012,3,67,31,520,6,68,96,2175,40,731,8,83,20,275,4,20,1,11,54,1314,20,397,0,0,6,62,0,0,0,0
ST,Steeles,NL,50,"1,163",72,2099,14,652,1,8,34,665,65,797,43,920,79,1470,6,86,,,14,212,11,144,22,302,8,124,45,762,129,2363,29,260,38,802,86,1599,10,91,42,656,26,245,26,719,71,1455,8,105,20,476,45,258,42,1292,44,1401,12,172,21,423,16,132,44,1378,47,1339,35,392,8,46,0,0,49,821,36,824,53,1638,14,205,11,91,0,0,45,640
SW,Swansea Memorial,NL,53,"1,509",21,405,1,7,1,8,8,70,0,0,34,1450,,,,,,,8,88,1,6,81,2858,,,15,176,4,104,,,51,1338,2,161,,,7,79,,,28,1327,6,137,,,2,35,2,32,18,650,,,,,2,85,,,24,799,2,86,0,0,0,0,0,0,1,55,20,679,7,142,0,0,2,94,0,0,0,0
TA,Taylor Memorial,NL,60,"1,163",76,"1,575",4,18,0,0,38,430,0,0,67,"1,382",84,986,1,10,1,5,32,282,2,38,36,835,1,29,60,529,55,992,,,47,1241,30,644,1,25,29,369,15,201,48,1032,60,938,,,30,415,22,240,68,1571,28,531,1,22,55,726,1,2,21,744,20,539,1,4,46,874,26,76,16,314,24,568,46,1162,5,130,70,939,1,2,6,113
TH,Thorncliffe,NL,73,1707,183,4496,127,2450,0,0,62,738,20,90,61,1189,180,4161,13,146,,,119,1210,19,92,123,1968,39,346,99,1034,188,4905,16,78,112,2135,172,3585,22,155,121,1066,14,37,80,1613,103,4244,28,175,83,874,,,71,1321,102,2434,41,250,133,1260,3,36,98,2473,95,2439,20,172,6,118,0,0,149,1365,66,1463,89,3051,7,51,2,26,1,6,133,1072
TOD,Todmorden Room,NL,0,0,0,0,0,0,0,0,0,0,0,0,,,,,,,,,,,,,,,,,,,,,,,,,,,,,,,,,,,,,,,,,,,,,,,,,,,,,0,0,0,0,0,0,0,0,0,0,0,0,0,0,0,0,0,0,0,0,0,0,0,0
VV,Victoria Village,NL,70,"1,603",101,"2,275",0,0,0,0,13,295,14,259,73,"1,531",68,1781,,,,,10,313,12,201,42,848,,,24,338,106,2359,11,172,55,1420,74,1827,1,50,17,228,12,117,47,1189,64,1555,,,15,186,13,114,65,1081,54,1259,,,28,511,1,18,31,657,44,1385,5,16,5,39,7,134,14,358,52,934,84,2201,9,81,0,0,0,0,40,617
WE,Weston,NL,106,"2,067",82,"1,902",34,232,0,0,121,992,0,0,106,"2,207",98,1986,37,254,4,21,114,820,1,6,79,1682,9,59,122,971,85,1584,2,11,143,3196,96,2239,6,178,131,764,,,131,2830,87,1816,7,124,64,515,1,15,132,2674,70,2050,6,101,63,1234,1,14,85,1884,87,1994,2,36,56,440,1,17,74,1008,138,2889,158,4318,1,24,13,183,0,0,56,644
WS,Woodside Square,NL,311,"10,754",100,"2,779",43,483,1,36,56,1308,2,32,268,"9,763",86,2228,15,211,1,4,57,"1,143",7,205,255,10701,3,57,61,1073,97,2628,3,110,312,13345,117,3280,4,124,79,1491,10,266,218,6188,73,2541,5,104,47,895,13,209,128,3769,114,3884,19,513,51,1029,43,911,96,2834,88,3143,35,508,27,412,7,173,75,1748,51,1542,68,2604,19,220,27,449,5,46,60,1178
WP,Woodview Park,NL,144,3578,207,3080,93,889,1,9,40,792,26,64,109,3806,164,2867,63,837,3,90,10,69,,,160,3728,45,421,12,78,146,2072,,,149,2930,49,863,40,407,,,,,140,3123,51,1068,,,2,30,,,54,1073,58,970,,,,,,,32,636,61,1579,0,0,0,0,0,0,0,0,42,875,59,1327,0,0,0,0,0,0,0,0
WY,Wychwood,NL,12,166,0,0,0,0,0,0,35,495,0,0,118,"3,343",5,189,,,,,,,11,219,221,"6,000",,,16,163,27,504,17,182,206,5918,35,631,1,99,27,408,31,418,251,8413,17,693,10,202,16,181,23,359,181,6209,8,213,7,150,13,177,24,394,150,5749,16,491,0,0,17,328,0,0,85,2868,147,6753,10,323,2,56,12,249,0,0,54,1009
YW,York Woods,DL,78,"2,264",131,3671,269,3864,3,37,109,"1,378",43,259,99,2463,196,5955,463,8362,7,64,243,"2,557",51,356,175,4221,534,11084,342,"3,588",274,8342,49,430,142,4278,250,10210,459,12997,350,2833,74,799,165,4690,251,8032,211,7313,208,2083,57,701,131,4061,266,10236,118,2010,113,2432,60,586,109,2660,139,7047,42,1102,49,441,44,376,121,1549,77,2434,95,6233,81,2296,46,633,0,0,244,7488
YO,Yorkville,NL,217,7674,51,982,6,196,9,47,98,1207,96,1391,159,6515,73,1028,1,70,,,130,1800,76,1067,175,"6,687",,,115,"1,910",59,893,108,1082,137,5465,52,821,1,25,139,1916,81,815,161,3842,93,2521,2,14,159,2015,4,60,57,1222,15,472,21,402,115,1738,1,8,79,1543,30,898,4,278,49,671,0,0,86,959,71,1638,19,415,6,457,32,355,0,0,56,529
TRL,Toronto Reference Library,RR,5,21,27,1228,57,1391,65,1744,1114,40209,47,1593,,,22,625,82,2192,50,1158,1056,40750,44,863,2,17,83,2877,1029,38663,26,675,59,1130,10,140,21,957,93,2538,957,37763,74,1223,1,21,17,604,86,2348,934,41324,67,2137,,,14,613,81,2589,961,37656,86,2641,0,0,23,751,89,2846,738,28964,67,1936,143,3731,0,0,22,498,97,3165,595,26686,68,2546,99,2519
UA,Urban Affairs,RR,0,0,0,0,0,0,0,0,0,0,0,0,,,,,,,,,,,,,,,,,,,,,,,,,,,,,,,,,,,,,,,,,,,,,,,,,,,,,,,,,,,,,,,,,0,0,0,0,0,0,0,0,0,0,0,0
MC,Merril Collection,RR,0,0,1,15,0,0,7,116,11,338,1,7,,,,,2,67,2,128,11,456,,,,,2,41,23,519,1,26,,,,,,,3,70,38,379,,,,,,,,,23,518,,,,,,,3,63,18,842,,,0,0,2,48,1,12,7,554,0,0,10,689,0,0,1,18,2,24,5,83,1,9,6,347
OC,Osborne Collection,RR,0,0,5,112,0,0,15,244,20,422,0,0,4,250,6,146,6,137,11,136,17,395,2,37,,,1,23,39,767,13,272,,,3,157,7,184,5,67,52,817,2,40,1,49,7,137,5,90,43,851,,,1,14,17,344,7,138,41,1004,,,0,0,0,0,0,0,2,124,0,0,1,200,0,0,4,96,4,60,26,1015,2,20,0,0
IL,Interloan,RR,0,0,0,0,0,0,0,0,0,0,0,0,,,,,,,,,,,,,,,,,,,,,,,,,,,,,,,,,,,,,,,,,,,,,,,,,,,,,,,,,,,,,,,,,0,0,0,0,0,0,0,0,0,0,0,0
AL,Answerline,RR,0,0,0,0,0,0,0,0,0,0,0,0,,,,,,,,,,,,,,,,,,,,,,,,,,,,,,,,,,,,,,,,,,,,,,,,,,,,,,,,,,,,,,,,,0,0,0,0,0,0,0,0,0,0,0,0
NYCL,North York Central,RR,258,17415,255,11631,108,2145,10,304,953,21642,81,4212,150,9256,90,4695,406,13257,5,66,284,5840,51,1204,108,3296,598,19107,63,580,25,683,8,42,275,18793,181,7831,506,15120,595,23826,85,4255,271,20600,179,7804,458,12758,716,34653,91,4407,291,20781,200,8090,550,17706,833,40187,45,923,276,20393,92,5571,830,26059,373,9252,81,4496,373,25843,268,18273,118,6061,843,22033,297,7742,83,4284,400,22932
BO,Bookmobile,CWS,1,20,0,0,0,0,0,0,0,0,0,0,4,35,14,228,4,13,,,2,8,,,2,20,,,3,52,2,37,,,,,,,1,31,,,,,,,12,243,,,,,,,,,47,872,,,,,,,0,0,25,680,0,0,0,0,0,0,5,474,0,0,0,0,5,235,0,0,0,0,0,0
HLS,Home Library Service,CWS,0,0,0,0,0,0,0,0,0,0,0,0,,,,,,,,,6,19,,,,,,,16,77,,,1,8,,,,,,,22,142,5,365,,,,,,,30,217,10,759,,,,,,,31,284,9,700,0,0,0,0,0,0,30,281,0,0,14,1120,0,0,0,0,0,0,27,235,0,0,6,455
ALD,Adult Literacy Department,CWS,0,0,0,0,0,0,0,0,353,6261,0,0,,,,,,,2,6,345,6718,,,,,,,282,6069,,,,,,,,,,,242,6807,,,,,,,,,214,7020,,,,,,,1,9,257,7512,1,24,0,0,0,0,0,0,186,6781,0,0,7,27,0,0,0,0,0,0,179,6619,0,0,1,217
SH,Sunnybrook Hospital,CWS,81,"1,390",0,0,0,0,0,0,0,0,0,0,73,"1,151",,,,,,,,,,,78,1277,,,,,,,,,68,990,,,1,8,,,,,78,1178,,,,,,,,,82,1132,,,,,,,,,91,1282,0,0,0,0,0,0,0,0,0,0,74,965,0,0,0,0,0,0,0,0,0,0
DS,Departmental Staff,OT,0,0,8,224,443,13760,4,61,3,136,0,0,,,1,400,293,8883,2,141,1,65,,,,,,,,,,,,,,,,,,,,,,,,,,,,,,,,,8,136,12,652,,,3,67,,,43,763,0,0,0,0,4,189,0,0,0,0,22,446,0,0,0,0,20,388,0,0,0,0
,Grand Total,,11514,344973,10578,252648,6934,124134,526,6682,12874,213387,2510,44309,12314,362784,11109,270817,7250,134733,544,6818,12583,200759,2733,41298,11825,342356,5458,109125,12232,211986,10823,264460,2152,30804,12579,361769,10084,260864,4171,77097,11645,226404,2295,35890,11940,337693,9176,252223,3382,62760,10934,243645,1648,29096,10479,288160,8339,251650,3132,58850,10461,228694,1390,22732,8082,225787,7051,228604,2684,61447,5975,110325,931,16465,6198,165493,7564,219591,6342,216086,2780,58213,5133,100709,661,14941,5595,159994
