Total by Program Type,,,,,,,,,,,,,,,,,,,,,,,,,,,,,,,,,,,,,,,,,,,,,,,,,,,,,,,,,,,,,,,,,,,,,,,,,,,,,,,,,,,,,,,,,,,,,,
,,,2019,,,,,,,,,,,,2018,,,,,,,,,,,,2017,,,,,,,,,,,,2016,,,,,,,,,,,,2015,,,,,,,,,,,,2014,,,,,,,,,,,,2013,,,,,,,,,,2012,,,,,,,,,
,,,Cultural,Cultural,ESL,ESL,Information & Current Issues,Information & Current Issues,Literacy,Literacy,Literary,Literary,User Education,User Education,Cultural,Cultural,ESL,ESL,Information & Current Issues,Information & Current Issues,Literacy,Literacy,Literary,Literary,User Education,User Education,Cultural,Cultural,ESL,ESL,Information & Current Issues,Information & Current Issues,Literacy,Literacy,Literary,Literary,User Education,User Education,Cultural,Cultural,ESL,ESL,Information & Current Issues,Information & Current Issues,Literacy,Literacy,Literary,Literary,User Education,User Education,Cultural,Cultural,ESL,ESL,Information & Current Issues,Information & Current Issues,Literacy,Literacy,Literary,Literary,User Education,User Education,Cultural,Cultural,ESL,ESL,Information & Current Issues,Information & Current Issues,Literacy,Literacy,Literary,Literary,User Education,User Education,General,General,Class/Group,Class/Group,Literacy,Literacy,ESL,ESL,User Education,User Education,General,General,Class/Group,Class/Group,Literacy,Literacy,ESL,ESL,User Education,User Education
ID,Branches,Tier,Pro,Att,Pro,Att,Pro,Att,Pro,Att,Pro,Att,Pro,Att,Pro,Att,Pro,Att,Pro,Att,Pro,Att,Pro,Att,Pro,Att,Pro,Att,Pro,Att,Pro,Att,Pro,Att,Pro,Att,Pro,Att,Pro,Att,Pro,Att,Pro,Att,Pro,Att,Pro,Att,Pro,Att,Pro,Att,Pro,Att,Pro,Att,Pro,Att,Pro,Att,Pro,Att,Pro,Att,Pro,Att,Pro,Att,Pro,Att,Pro,Att,Pro,Att,Pro,Att,Pro,Att,Pro,Att,Pro,Att,Pro,Att,Pro,Att,Pro,Att,Pro,Att,Pro,Att,Pro,Att
AG,Agincourt,DL,56,2519,26,739,254,"6,014",12,1186,234,"6,917",290,2707,105,"2,977",26,651,293,"6,731",12,1241,227,"6,689",270,2397,32,973,34,656,184,"2,854",5,173,334,"8,688",112,1066,57,1281,29,448,82,2085,5,288,262,8221,53,555,91,2785,72,1664,185,4434,12,1156,273,6679,146,1443,47,1743,64,1450,180,3904,11,1362,242,6371,113,1574,484,13269,85,2575,11,1259,48,717,109,1213,354,11225,80,2228,9,1192,74,999,87,838
ACD,Albert Campbell,DL,47,996,23,191,202,"5,216",7,97,124,"1,993",111,855,94,"2,146",44,293,202,"3,339",12,276,189,"3,758",151,939,165,"2,870",39,193,116,"1,778",10,265,300,"8,097",112,719,155,2332,31,250,154,2448,12,383,303,6185,145,1077,76,1697,17,179,86,1157,12,424,264,6487,87,894,86,1878,27,170,124,2890,10,662,265,5570,77,578,504,12633,1,200,13,1076,31,136,80,777,498,10275,28,1400,11,1024,32,138,61,404
AB,Albion,DL,484,"13,814",27,183,300,"6,467",12,682,187,"7,026",257,2242,444,"11,401",33,191,328,"7,907",6,206,195,"6,104",210,1381,240,5912,24,217,258,6847,5,239,229,"6,114",207,1994,390,8902,45,288,185,4108,12,602,333,8025,116,1090,301,8422,39,192,131,3852,12,802,395,9560,82,971,292,6982,41,244,65,2448,10,574,304,6908,84,701,436,11347,182,6021,27,1156,45,396,84,680,380,11083,131,4560,32,1407,30,323,98,826
AD,Alderwood,NL,47,1315,0,0,56,1893,0,0,333,6458,22,177,72,1702,,,42,"1,542",,,341,6185,2,26,30,812,,,10,156,,,373,"6,950",1,8,49,1387,,,23,602,,,346,7175,,,12,170,,,25,448,,,329,7267,1,45,20,630,,,3,38,,,181,3871,,,49,1142,54,1175,0,0,0,0,2,2,44,1633,30,562,0,0,0,0,0,0
AP,Amesbury Park,NL,51,825,30,169,32,651,0,0,37,781,0,0,46,495,34,203,41,1029,,,35,542,11,31,13,197,,,13,187,,,38,"1,343",,,68,1164,,,18,411,,,65,1217,22,273,61,1595,,,12,394,,,96,2497,,,32,937,,,31,636,,,106,2756,,,86,1829,27,786,0,0,0,0,2,2,50,1477,16,586,0,0,0,0,0,0
AN,Annette Street,NL,89,"1,008",0,0,68,1487,13,497,205,4276,3,38,119,"1,421",,,42,936,12,467,221,6047,6,92,95,"1,742",,,47,1088,12,454,234,8531,15,148,127,2383,,,40,1011,12,322,201,5001,,,114,2295,,,37,1234,12,330,278,6574,3,77,89,1711,1,21,52,927,9,194,202,5081,,,310,6602,27,685,23,148,0,0,9,49,388,8730,55,1163,12,268,0,0,31,70
AH,Armour Heights,NL,71,"1,235",0,0,16,435,0,0,2,104,16,209,81,"1,541",,,35,918,,,7,150,,,83,"1,660",,,3,40,,,14,269,23,198,64,1330,,,4,58,,,40,844,,,10,487,,,,,,,37,748,,,7,243,,,,,,,42,934,,,2,129,16,381,0,0,0,0,0,0,4,155,10,186,0,0,0,0,0,0
BF,Barbara Frum,DL,323,4926,0,0,506,"10,444",12,285,163,"3,237",126,758,377,"4,966",,,422,8717,13,843,261,"6,220",116,1000,246,"5,254",16,150,293,"5,959",11,352,326,"7,357",131,1133,167,4403,,,143,2833,7,86,406,9791,133,1158,179,3946,,,148,2888,,,339,7184,49,481,145,4791,14,110,131,1896,4,81,301,6435,5,5,377,9510,109,3576,0,0,43,2100,0,0,508,10790,106,4286,0,0,41,2711,1,2
BY,Bayview,NL,22,630,0,0,42,"1,094",0,0,69,"2,691",0,0,22,"1,023",,,32,925,,,49,"3,041",10,79,39,"1,758",,,48,1538,,,84,"4,379",46,701,9,482,,,9,198,,,82,2982,4,56,1,60,,,2,6,,,49,1089,2,27,13,607,,,5,62,,,6,51,,,19,499,3,67,1,28,0,0,0,0,13,776,6,109,0,0,0,0,0,0
BE,Beaches,NL,81,"1,461",0,0,63,"1,173",0,0,145,3748,2,11,97,"1,524",,,58,"1,216",,,150,"2,921",9,33,76,"1,148",,,27,498,,,127,"3,007",1,9,85,1472,,,26,543,,,86,1868,20,277,91,1646,,,46,936,,,105,3488,1,11,91,2419,,,32,732,,,88,2795,,,195,4665,15,752,0,0,1,10,1,1,220,5456,20,668,0,0,0,0,0,0
BD,Bendale,NL,53,"1,808",0,0,75,"2,359",0,0,30,508,4,110,140,"3,467",,,67,"1,673",,,84,"1,676",16,192,84,"1,577",,,19,798,,,96,"2,109",10,81,24,469,,,30,670,,,139,2769,24,166,33,975,,,38,1432,,,71,1544,4,22,50,1131,,,34,1441,,,136,3480,2,23,116,3007,69,1754,0,0,0,0,0,0,146,3880,38,1159,0,0,0,0,0,0
BC,Black Creek,NL,157,"2,258",28,175,98,"1,798",0,0,90,"2,579",12,52,177,"3,043",29,116,72,"1,506",,,65,"1,483",124,"1,217",148,"2,495",33,139,46,"1,188",,,38,"1,121",15,148,165,3204,41,198,48,1432,,,25,975,4,30,111,3406,43,191,7,182,,,77,2821,1,17,15,522,37,238,39,753,,,78,4897,1,16,48,2980,33,782,0,0,28,138,0,0,79,5567,23,403,0,0,45,376,0,0
BL,Bloor/Gladstone,DL,162,"3,524",40,539,195,"3,271",12,146,365,"11,923",131,1105,174,"4,147",41,477,120,"2,496",12,367,293,"9,556",,,103,"3,153",8,158,83,"1,209",11,300,216,"5,671",64,857,124,3060,,,67,1505,12,422,169,3915,55,488,109,2864,,,57,1620,12,471,223,5125,45,738,112,3000,2,50,65,1420,11,338,257,7439,18,163,205,5822,83,4273,11,446,0,0,20,68,264,6060,79,2167,8,794,1,14,51,224
BR,Brentwood,DL,236,"4,065",160,1764,177,"3,575",8,151,231,"8,100",88,645,325,"5,032",194,2149,223,"6,013",,,312,"10,707",147,1146,337,"5,415",191,1845,117,"1,922",,,356,"13,005",153,1432,271,3479,200,2053,122,1567,,,296,9817,159,1117,231,3363,167,1737,160,2290,,,309,9010,119,916,117,2867,39,290,121,1898,1,30,199,5678,85,639,331,6390,61,2530,2,68,1,14,35,237,38,809,3,45,0,0,1,23,0,0
BRW,Bridlewood,NL,74,1532,28,373,219,3848,0,0,138,"3,050",41,328,124,2182,36,455,212,"4,137",21,519,115,2391,32,381,131,3096,47,705,78,1175,28,1598,139,"3,208",39,546,114,3341,49,725,146,2341,27,1697,136,3441,16,257,89,3079,46,714,180,2454,22,1252,136,3681,31,263,63,2303,55,533,169,2173,,,162,4703,7,51,293,5829,63,1509,82,2354,69,1030,43,43,343,4846,59,1577,82,2000,65,945,0,0
BB,Brookbanks,NL,32,615,0,0,37,844,0,0,60,"1,377",5,29,39,769,,,42,"1,028",,,76,974,11,76,17,508,,,11,244,,,80,"1,569",18,245,58,726,,,11,267,,,98,1837,19,430,76,786,,,21,509,,,70,1297,,,67,877,15,287,20,289,,,94,1844,1,1,76,1305,59,971,0,0,40,1024,0,0,121,2436,57,1049,0,0,43,1290,0,0
BUR,Burrows Hall,NL,161,"1,921",0,0,71,"1,131",0,0,66,"1,250",1,5,144,"2,314",15,99,82,"1,509",,,103,"1,434",,,103,"1,105",62,416,52,715,,,124,"3,026",25,157,49,779,77,594,52,555,,,163,3941,10,94,6,295,,,61,924,,,117,2143,,,10,441,,,55,477,10,82,127,2952,,,112,2060,66,1896,0,0,39,380,0,0,122,1757,46,1122,0,0,19,166,5,12
CED,Cedarbrae,DL,426,"5,010",61,"1,627",251,"6,149",12,720,447,"14,299",162,1271,529,"8,238",69,1705,351,"10,898",10,1151,303,"8,578",106,923,548,"7,741",46,"1,906",387,"10,959",10,1319,209,"6,553",142,1094,311,5989,47,1942,286,8802,72,3002,221,6246,98,936,141,3360,54,2193,131,4621,32,1920,243,6531,70,848,87,2023,70,1882,155,4754,5,367,189,5243,61,950,300,7741,166,4458,11,364,43,1512,66,975,310,7353,172,4168,9,505,41,1575,62,918
CE,Centennial,NL,200,2067,95,1278,498,8218,0,0,194,"5,403",13,81,296,3113,64,807,546,11058,,,169,"4,891",38,204,222,3370,148,2031,359,7453,,,90,"3,464",22,251,112,1743,182,1972,87,1089,121,1874,95,4203,1,14,94,1454,188,1875,150,2293,138,1616,83,4000,,,77,1196,217,2335,250,3667,,,116,4188,,,230,6289,32,1211,144,2022,182,2396,0,0,201,5072,31,1421,127,1471,188,2361,0,0
CH,City Hall,NL,32,905,0,0,11,388,0,0,214,"6,286",12,57,19,831,,,16,260,,,217,5450,11,52,16,603,,,6,182,,,160,"5,121",17,241,7,307,,,17,541,,,157,5228,1,12,7,355,,,9,278,,,114,3182,1,9,2,153,,,9,188,,,55,1330,,,40,985,13,237,0,0,0,0,0,0,27,587,7,114,0,0,0,0,0,0
CC,Cliffcrest,NL,141,1521,0,0,34,926,0,0,69,"1,036",0,0,113,"1,157",,,36,1200,,,62,542,10,51,80,863,,,11,160,,,105,"1,560",18,263,77,1559,,,9,276,,,117,2006,,,87,1620,,,6,140,,,136,2305,1,11,86,1675,,,6,74,,,129,2174,1,10,187,2712,22,597,0,0,0,0,1,7,203,3168,13,226,0,0,0,0,1,11
CS,College/Shaw,NL,51,984,32,253,45,988,0,0,99,"1,965",7,122,111,"2,055",35,207,42,979,,,104,"2,177",9,130,150,"2,191",40,150,20,346,,,208,"4,641",19,183,61,1001,40,195,11,202,,,105,1854,3,55,14,592,,,41,850,,,33,574,1,25,19,1018,5,23,25,240,,,57,1168,,,68,1737,19,663,1,1,2,48,0,0,36,1315,28,745,15,41,10,141,0,0
DA,Danforth/Coxwell,NL,78,1909,85,612,93,1894,0,0,129,"4,118",19,152,62,1687,88,959,46,1134,,,121,"4,126",1,55,99,3343,85,689,79,1546,,,174,"5,048",33,899,72,2147,96,905,56,1021,,,191,5349,14,125,56,1569,92,997,90,2551,,,157,5014,2,110,63,2086,87,573,52,1419,,,127,4539,2,19,140,3886,80,3271,0,0,80,646,0,0,135,3803,46,1124,0,0,89,920,1,2
DT,Davenport,NL,12,290,0,0,5,33,12,366,79,"1,582",12,65,12,267,,,17,379,12,349,61,"1,215",11,47,10,255,,,5,69,12,307,72,"1,362",8,55,17,603,,,9,192,12,240,64,1229,3,9,12,501,,,28,661,12,247,64,1518,3,6,10,251,,,5,112,12,253,65,1344,,,28,585,56,1111,12,351,0,0,0,0,39,793,49,1046,11,262,0,0,0,0
DR,Dawes Road,NL,116,"1,769",44,2496,53,"1,562",12,222,135,"1,718",16,61,98,"1,634",45,2111,45,964,12,308,141,"2,331",25,136,84,"1,586",44,2284,33,461,12,350,145,"2,435",14,83,97,1601,38,1936,14,232,12,298,138,2423,3,27,25,759,30,1564,37,723,12,137,84,1267,13,282,29,680,36,1783,15,165,10,135,106,2206,,,84,1300,68,1535,9,170,39,2186,7,14,89,1730,58,1298,9,309,29,1814,17,91
DP,Deer Park,NL,86,"2,213",0,0,64,"1,458",0,0,177,"3,726",40,364,85,"2,452",2,3,64,"1,697",,,178,"3,548",18,253,80,"2,381",,,19,846,,,133,"2,802",1,29,78,3154,,,42,1381,,,138,3170,17,157,40,2009,,,25,1141,,,132,3161,,,30,1401,,,10,349,3,36,130,2906,1,6,117,3691,33,848,0,0,0,0,0,0,137,4232,17,394,0,0,3,10,0,0
DM,Don Mills,DL,74,"2,102",0,0,167,"4,644",0,0,203,4410,54,264,115,"2,711",,,227,"5,645",,,197,"4,746",100,679,191,"4,484",,,135,3254,4,41,222,"6,705",112,909,121,2506,,,163,4788,,,253,6147,95,953,126,2525,,,131,4178,,,172,4885,33,235,68,2108,3,94,147,3917,,,126,3961,8,87,164,5557,87,3155,12,317,5,172,28,99,177,5954,74,3411,11,275,4,58,47,150
DO,Downsview,NL,79,"2,445",66,3803,222,5632,8,257,102,"2,911",213,1700,164,"2,473",80,8277,231,7018,11,286,115,"2,278",341,2594,175,"2,370",91,11969,26,530,12,349,107,"2,411",226,1779,199,2617,80,12102,50,936,12,498,123,2948,66,864,207,2610,66,11792,49,948,11,546,249,4743,75,905,261,4236,78,12949,42,1303,10,603,131,3491,40,410,236,6539,68,3138,25,2062,140,13962,56,332,261,7154,44,3436,6,422,109,15517,53,159
DU,Dufferin/St. Clair,NL,85,"1,260",0,0,44,930,12,244,178,"5,839",18,155,88,"1,418",,,35,504,12,309,151,"5,803",13,187,52,"1,145",,,34,393,12,246,136,"5,123",4,58,46,988,,,38,439,10,118,170,5766,3,49,61,805,,,49,886,12,64,147,4236,10,152,42,878,,,44,686,11,97,148,3996,7,296,206,5522,22,533,11,162,0,0,0,0,155,3870,17,449,9,286,0,0,2,23
EA,Eatonville,NL,261,3387,3,16,143,3210,12,349,162,"4,731",20,173,239,"3,508",,,98,"1,705",10,376,272,"8,321",6,23,224,3000,19,64,82,1426,12,613,329,"9,548",6,105,187,2176,22,183,58,996,11,644,310,7975,6,68,200,2525,3,16,124,2984,11,663,214,4280,6,101,195,3118,23,181,119,2956,10,407,212,5309,33,79,226,4821,48,2283,11,434,0,0,0,0,253,5498,61,2946,12,619,0,0,0,0
ES,Eglinton Square,NL,46,954,0,0,30,473,0,0,130,"2,832",13,46,88,"1,619",,,60,1101,,,156,"3,218",13,96,33,928,,,19,340,,,112,"1,888",15,98,16,348,,,18,486,,,87,1283,7,10,43,969,,,37,635,,,155,2220,39,72,43,830,,,27,496,,,155,2410,48,83,166,2878,52,1145,0,0,0,0,40,93,169,2349,30,878,0,0,0,0,30,69
EB,Elmbrook Park,NL,110,1162,0,0,42,640,0,0,108,"1,407",0,0,93,"1,195",,,20,393,,,149,"1,746",,,98,"1,852",,,12,146,,,213,"3,160",19,193,74,801,,,11,112,,,268,4092,,,59,960,,,3,126,,,153,3384,,,11,191,,,2,64,3,67,128,2203,,,74,1129,28,1383,0,0,0,0,0,0,77,1150,63,1443,1,40,0,0,0,0
EG,Evelyn Gregory,NL,71,721,0,0,106,"1,716",11,23,131,"2,514",14,46,126,"1,487",,,66,"1,078",11,31,113,"1,491",11,104,97,"1,282",,,43,436,9,26,116,"1,912",27,330,123,1894,,,23,480,8,80,94,1728,3,6,62,1192,,,22,318,,,124,2767,3,40,64,1716,,,8,103,3,25,195,4202,1,6,103,2478,80,1780,11,117,0,0,0,0,91,1553,67,2157,7,118,0,0,5,15
FV,Fairview,DL,168,"4,032",259,6545,617,"14,584",22,1332,135,5437,136,1173,224,"6,178",237,6595,593,"14,385",20,1255,181,"6,304",118,984,252,"9,889",226,6785,434,12417,12,528,239,"7,376",171,1887,295,9321,236,6958,204,3927,12,527,209,6533,199,2095,265,6887,193,6626,350,6753,22,1702,231,6360,124,1260,140,5029,85,3458,194,3708,10,481,160,4548,55,1175,1,14,7,593,0,0,0,0,0,0,224,7765,9,317,7,1108,64,5563,16,314
FP,Flemingdon Park,NL,206,4733,59,452,344,"9,519",12,460,57,838,8,45,197,3596,81,651,197,"4,595",12,397,71,"2,099",16,160,105,2023,60,456,50,681,10,199,84,"3,614",17,127,52,1597,67,516,61,1007,10,294,44,777,,,102,2382,66,561,59,722,12,499,112,2103,4,70,130,2116,32,409,56,690,12,521,89,2355,1,3,229,4706,65,2898,25,466,34,334,2,36,145,2605,76,1480,55,1040,38,382,0,0
FH,Forest Hill,NL,47,648,0,0,69,1299,0,0,107,"4,322",46,196,45,542,,,122,"2,667",,,267,"8,472",32,115,63,702,,,37,1151,,,200,"6,900",,,41,568,,,12,194,,,147,4539,,,27,736,,,20,901,,,159,5015,3,137,10,316,,,20,384,,,138,4165,4,17,109,2962,16,347,0,0,0,0,0,0,117,3394,30,656,0,0,0,0,0,0
FO,Fort York,NL,109,1955,0,0,48,635,0,0,141,"5,420",177,1014,138,"2,507",,,44,"1,119",,,148,"6,079",140,1074,104,"1,482",,,25,216,1,4,154,"4,947",188,1884,80,1406,,,46,645,,,190,6448,154,1418,46,1282,,,46,571,,,205,6843,179,1970,41,1434,,,30,714,,,91,3426,98,1366,,,,,,,,,,,,,,,,,,,,
GE,Gerrard/Ashdale,NL,78,988,38,214,83,"1,522",10,82,114,"1,872",2,10,85,"1,077",40,325,48,"1,265",10,110,81,"1,103",16,208,138,"1,751",40,194,52,518,12,77,92,"1,874",25,408,146,1724,40,167,60,877,10,102,111,2469,18,186,121,1122,50,214,44,626,10,124,119,2877,6,28,120,1405,30,173,58,374,10,158,109,2387,3,26,253,3606,9,287,20,104,0,0,3,20,201,3455,25,1065,9,192,1,6,0,0
GHP,Goldhawk Park,NL,80,2308,133,6336,47,1395,0,0,292,8468,31,464,73,2380,128,5533,62,1528,,,232,"6,357",12,52,76,2734,138,4829,53,1342,,,239,"6,959",25,287,69,2382,153,4724,69,1351,,,224,7177,2,111,87,3535,150,5269,44,1040,,,161,6286,14,78,44,1648,155,5543,96,1348,16,735,120,3759,16,43,228,5535,27,957,0,0,133,5637,0,0,193,4457,32,1325,0,0,84,3800,0,0
GW,Guildwood,NL,4,198,0,0,1,42,0,0,48,914,23,127,11,366,,,24,411,,,93,"1,584",,,23,408,,,9,74,,,111,"1,897",,,21,541,,,18,225,,,89,1417,1,30,9,242,,,,,,,97,1482,5,11,12,437,,,7,120,,,81,1413,6,12,98,1565,11,402,1,8,0,0,0,0,69,1169,30,718,0,0,0,0,6,12
HP,High Park,NL,34,685,0,0,60,867,0,0,268,"7,430",19,115,35,1368,,,29,612,,,275,"8,304",1,12,21,446,,,17,326,,,244,"6,614",17,248,46,1383,,,6,187,,,205,6888,9,109,16,539,,,8,251,,,254,7678,,,14,586,,,3,33,,,229,5545,,,64,692,169,5555,0,0,0,0,1,1,64,684,146,4533,0,0,0,0,0,0
HC,Highland Creek,NL,24,591,0,0,81,"1,989",12,356,74,1628,10,25,27,697,,,94,"2,563",12,354,96,2493,6,20,62,"1,803",,,59,"1,669",12,258,71,2009,18,126,62,976,,,16,501,11,283,92,2541,1,30,46,1092,,,6,196,12,301,104,2851,4,18,23,1045,,,33,1076,11,340,137,4826,,,140,2716,78,1977,10,325,1,32,3,10,69,3366,62,2107,9,579,0,0,0,0
HIL,Hillcrest,NL,48,1174,0,0,80,2437,0,0,23,615,6,22,68,1454,,,50,1541,,,15,552,10,73,72,1566,,,59,"1,256",,,23,542,15,134,138,1352,,,101,1976,,,30,694,,,63,546,,,73,1292,,,34,767,5,82,9,288,33,322,23,525,,,43,998,,,54,1339,38,982,8,422,0,0,3,43,51,842,24,614,2,111,0,0,0,0
HB,Humber Bay,NL,34,302,0,0,42,539,0,0,58,612,12,66,56,610,,,26,554,,,55,607,6,22,43,490,,,41,1023,,,50,909,7,86,14,123,,,13,384,,,20,394,6,109,,,,,,,,,13,449,,,4,87,,,,,,,14,419,,,2,21,8,170,0,0,0,0,0,0,0,0,0,0,0,0,0,0,0,0
HS,Humber Summit,NL,223,"1,277",0,0,151,3513,12,80,117,"2,877",36,141,262,"3,170",,,114,"3,309",10,62,202,"4,486",27,450,66,691,,,1,31,4,56,32,369,7,405,128,1260,,,11,330,12,120,52,822,,,60,764,,,52,1126,8,55,124,1368,41,486,27,892,,,42,2682,8,71,191,3714,6,10,78,5050,77,2980,24,93,15,280,3,3,52,4186,52,1817,8,320,13,268,0,0
HW,Humberwood,NL,143,2035,0,0,28,413,12,70,158,"3,833",20,224,159,"3,767",14,76,66,"1,387",10,96,148,"4,092",14,52,184,"5,007",35,323,28,226,12,144,170,"5,409",19,302,286,6430,41,269,26,301,12,218,165,4244,,,161,3696,36,212,91,1742,12,118,226,5307,,,245,7078,49,308,145,2946,10,132,255,5279,1,8,339,8042,194,4110,62,1006,3,10,0,0,238,5285,153,3239,80,1724,0,0,0,0
JD,Jane/Dundas,NL,44,972,0,0,98,"1,390",12,374,181,3612,0,0,54,"1,031",,,135,"2,518",12,277,265,"4,751",4,42,79,1184,,,42,651,12,358,316,"7,465",27,345,59,831,,,46,556,12,437,364,6820,10,72,51,1385,,,31,445,12,396,336,7109,2,49,61,1307,,,32,582,12,315,300,7334,4,84,243,5419,129,2905,12,335,0,0,0,0,248,5564,210,4764,6,202,1,32,0,0
JS,Jane/Sheppard,NL,107,"1,116",0,0,114,"2,677",12,107,65,740,40,237,107,"1,221",1,34,104,"2,169",12,146,82,"1,348",14,143,54,865,4,12,95,1116,12,150,64,"1,023",19,295,84,1400,,,108,1828,12,93,93,1562,16,176,107,1700,,,71,855,12,133,87,1554,1,50,85,1427,17,146,54,831,10,177,118,1850,14,24,258,3529,91,2550,23,99,79,804,31,31,145,2349,63,1272,11,499,30,314,2,4
JO,Jones,NL,127,"2,959",0,0,57,"1,703",0,0,120,3049,8,53,133,"3,028",,,32,"1,474",,,131,"3,758",13,74,150,"3,884",,,15,382,,,144,"4,214",28,688,158,4072,,,12,160,,,169,4744,3,56,123,2887,,,33,674,,,183,5142,5,34,83,1805,,,28,362,,,145,3795,3,7,136,3028,91,2841,0,0,0,0,1,1,138,3499,70,2271,0,0,0,0,0,0
KE,Kennedy/Eglinton,NL,61,"1,179",0,0,82,"2,058",0,0,77,886,6,41,122,"1,524",,,67,"1,437",,,122,"1,536",17,180,50,"1,172",,,51,763,,,101,"2,592",4,75,56,1235,,,62,1318,,,84,1787,22,262,73,1279,,,61,1028,,,116,2785,23,584,69,944,,,90,2469,,,104,2543,1,40,203,4074,77,2573,0,0,15,406,2,42,209,3512,46,1547,0,0,20,650,5,19
LE,Leaside,NL,112,"1,812",0,0,77,"2,745",0,0,128,"3,597",16,82,88,"1,261",,,56,"1,760",,,202,"4,853",15,81,129,"2,063",,,56,"1,524",,,216,"6,119",25,227,129,2250,,,98,2457,,,214,6336,7,84,72,968,,,59,2054,,,158,5327,3,35,22,639,,,70,2143,,,144,3788,2,16,302,6416,29,851,0,0,0,0,0,0,258,6134,49,991,0,0,0,0,2,37
LHS,Lillian H. Smith,DL,70,"1,206",0,0,230,"4,099",0,0,128,"2,249",106,527,123,"2,035",,,258,"4,488",,,222,"3,610",154,932,153,"2,539",14,141,151,"2,814",,,211,"3,329",104,723,127,2561,,,138,3494,,,246,4960,84,669,137,3056,4,54,141,2692,,,221,4644,31,498,50,1411,19,349,116,2487,,,213,4155,4,162,179,4539,118,2743,0,0,42,1117,28,80,223,5400,160,4028,0,0,37,984,48,428
LO,Locke,NL,23,"1,241",0,0,129,4523,0,0,179,"4,070",12,71,63,"3,649",,,72,1828,,,191,"4,687",,,25,"1,158",,,94,1616,,,280,"8,459",9,49,56,1356,,,54,1176,,,250,7893,8,58,42,1637,,,54,1201,,,241,7184,1,29,46,1870,,,36,764,6,142,239,6906,,,217,6377,93,3412,0,0,0,0,0,0,225,6352,87,3183,0,0,0,0,0,0
LB,Long Branch,NL,119,"2,152",0,0,18,426,0,0,79,"2,002",0,0,94,"1,530",,,5,205,,,87,"2,348",21,228,82,"1,047",,,6,134,,,75,"1,794",13,51,80,1074,,,6,50,,,105,2905,,,81,1260,,,9,96,,,74,2172,,,83,1357,1,6,13,180,,,115,3149,,,148,3189,33,1071,0,0,0,0,0,0,145,3181,37,1505,0,0,0,0,0,0
MA,Main Street,NL,151,"2,521",0,0,44,798,0,0,162,"4,151",14,74,158,"2,691",,,53,855,,,147,"4,589",14,67,155,"2,756",,,28,413,,,164,"5,408",22,259,143,1885,,,4,75,,,198,5518,6,120,66,782,,,22,254,,,120,3346,1,27,89,1197,,,15,199,,,125,2986,,,471,3275,27,901,0,0,1,4,0,0,130,2836,43,989,0,0,0,0,1,2
MAL,Malvern,DL,400,"6,658",39,"2,230",548,"8,718",12,1332,321,"5,488",171,1152,462,"8,721",42,"2,044",579,"9,066",12,1262,304,"6,179",169,1060,397,"7,988",54,2268,406,"6,606",12,1256,351,"6,569",172,1362,269,5146,39,2283,231,3994,12,1394,376,7944,138,1055,301,9971,40,3014,186,3250,12,1349,282,6852,61,590,251,4994,82,3184,195,2506,12,1431,343,6928,108,974,576,9867,144,4123,59,1271,80,2873,133,1155,381,9044,84,2404,57,1244,38,2683,98,851
MAS,Maria A. Shchuka,DL,357,7351,102,1283,321,"5,851",12,327,161,4670,98,580,399,"6,880",94,1060,338,"6,494",11,525,230,6499,132,952,252,4620,24,323,397,9066,12,486,180,"5,726",134,882,410,8599,11,75,117,2554,14,696,179,5470,144,1182,300,5802,18,89,103,1913,21,644,182,5589,76,582,341,6374,15,122,76,1268,16,570,257,7176,97,1271,463,12228,76,2863,21,810,0,0,95,770,462,12652,61,2002,21,939,0,0,75,674
MRV,Maryvale,NL,54,838,24,173,46,"1,240",0,0,50,648,9,42,57,"1,114",36,312,86,"1,783",,,55,786,20,102,48,782,41,302,47,773,,,70,"1,403",20,128,35,553,,,14,251,,,107,1900,4,49,33,641,,,18,458,,,98,1738,2,28,22,685,,,13,215,,,92,1744,4,4,80,2057,62,1345,0,0,0,0,0,0,89,2075,51,1089,0,0,1,15,0,0
MCG,McGregor Park,NL,39,"1,368",0,0,62,"1,355",0,0,100,1978,35,221,83,"1,829",,,97,1630,,,73,"1,283",22,196,103,"1,932",,,38,494,,,138,"3,498",39,525,51,846,1,12,52,920,,,132,2517,8,105,39,691,,,74,1661,,,265,6241,11,213,27,509,,,54,898,,,301,7743,21,64,198,5786,134,3133,0,0,10,191,11,38,209,5011,83,2598,0,0,4,81,0,0
MI,Mimico Centennial,NL,53,"2,068",27,130,51,"1,370",9,246,41,525,18,169,144,"2,220",39,208,25,587,12,312,91,1723,18,204,117,"2,701",68,324,58,855,10,224,150,"3,365",,,78,1071,72,340,30,354,8,311,155,3911,16,270,102,1770,50,419,31,722,11,180,150,5301,15,241,34,1990,34,219,32,538,8,132,209,5948,,,282,7230,28,851,8,88,23,220,1,1,196,7311,21,794,6,206,1,28,0,0
MS,Morningside,NL,49,"1,018",7,20,69,"1,733",12,315,126,"1,429",22,181,69,"1,495",,,87,"2,206",12,251,77,779,15,69,77,"1,299",,,61,"1,462",12,282,105,1261,23,164,55,1495,,,58,1319,12,322,130,2516,4,81,39,992,,,69,1500,12,238,97,1400,1,33,35,842,,,85,1553,12,353,100,1461,,,124,1611,82,1922,19,305,0,0,0,0,113,1343,54,968,9,528,0,0,0,0
MD,Mount Dennis,NL,63,1162,18,82,74,"2,050",12,257,70,"1,063",19,206,71,"1,238",27,172,66,"1,859",12,360,65,"1,155",10,108,73,"1,071",49,292,91,2127,11,396,50,927,15,199,66,1304,20,122,98,2625,12,401,67,1188,29,429,71,1840,36,137,70,1435,11,219,89,1547,7,100,72,1636,45,317,116,2801,12,192,123,1880,8,24,106,2601,139,3647,13,216,19,209,31,38,0,0,0,0,0,0,0,0,0,0
MP,Mount Pleasant,NL,43,989,0,0,82,1261,0,0,121,4030,21,181,57,"1,460",,,53,1037,,,112,4134,10,57,42,"1,037",,,31,503,,,99,3240,1,17,22,798,,,33,1022,,,83,2273,1,8,23,296,,,12,290,,,60,1272,3,26,10,362,,,,,,,77,2576,,,93,3236,14,283,0,0,0,0,2,12,131,2466,18,380,0,0,0,0,0,0
NT,New Toronto,NL,93,"1,635",0,0,7,176,10,203,25,251,0,0,84,"1,411",,,4,125,12,195,21,351,18,261,118,"2,037",,,26,587,10,206,29,558,21,423,82,1799,,,35,654,10,186,51,1295,2,38,38,907,,,85,1629,12,198,59,1459,,,18,682,,,5,184,9,124,55,1659,,,111,2346,7,193,11,165,0,0,0,0,101,2663,12,387,7,184,0,0,0,0
ND,Northern District,DL,160,3622,10,74,236,4858,12,555,182,5856,68,487,183,4581,2,13,203,4018,12,579,190,"7,722",84,878,178,4774,,,108,1962,12,619,190,7444,86,669,146,5235,16,151,96,1242,12,465,155,4343,86,747,170,3600,,,91,1933,12,499,206,4771,3,57,96,2051,,,51,1872,12,466,182,4653,2,12,261,8284,22,419,10,697,3,82,8,45,269,9591,7,143,9,356,0,0,6,50
NE,Northern Elms,NL,160,994,0,0,13,153,0,0,59,791,14,55,118,900,,,34,416,,,76,"1,113",14,79,83,544,8,13,12,153,,,36,311,11,21,73,518,4,6,1,6,,,79,1100,7,121,67,391,7,9,5,136,,,102,1663,2,76,84,719,,,7,78,,,38,294,,,128,1063,21,420,1,6,2,70,6,6,72,815,32,668,0,0,1,29,1,2
OV,Oakwood Village Library and Arts Centre,NL,142,"3,864",0,0,36,986,8,109,133,"4,383",13,147,211,"5,372",,,33,835,,,144,"4,085",,,236,"4,448",,,21,516,,,155,"4,463",8,35,253,3924,,,56,1018,,,168,3626,4,16,221,3047,,,89,1903,,,157,3118,1,2,211,3432,,,118,2962,,,124,2575,,,340,7965,96,2162,0,0,0,0,1,1,270,4761,75,1757,0,0,0,0,3,6
PM,Palmerston,NL,92,"1,491",0,0,25,564,0,0,121,"2,532",15,88,74,"1,588",,,16,266,,,104,"2,319",13,85,83,"2,291",,,27,613,,,97,"2,585",14,93,80,2668,,,53,1284,,,120,2721,9,188,80,2047,,,21,503,,,134,2847,9,233,40,1333,,,20,648,,,116,3015,1,7,130,3653,21,487,1,32,1,4,0,0,168,4420,59,2099,0,0,8,77,2,4
PA,Pape/Danforth,DL,65,1220,80,537,164,"2,806",10,237,176,"2,957",5,22,57,"1,056",92,577,109,"1,467",10,249,155,"2,780",4,53,125,"2,671",80,663,85,"1,502",10,232,233,"5,690",8,90,136,2404,87,753,105,1769,10,178,227,6148,23,221,71,1740,87,810,88,1640,10,141,238,5414,2,7,63,2040,86,653,39,560,10,354,248,5925,13,77,170,4786,145,4412,20,219,72,577,2,6,220,5125,92,2995,8,152,21,320,2,22
PK,Parkdale,NL,16,643,33,1978,108,2201,18,224,130,"2,985",9,50,108,"2,216",69,4966,118,"1,808",44,806,247,"4,993",35,338,163,"3,517",95,10998,211,"2,547",11,694,98,"1,697",15,217,158,4228,139,13559,48,2065,146,2197,126,2076,2,14,135,3634,133,10309,51,2113,103,2146,194,3235,10,154,127,4737,131,2380,147,2071,20,1059,182,4178,22,90,422,9665,106,2978,48,1184,97,3058,20,84,395,9489,113,3463,44,1397,90,2434,28,140
PL,Parliament Street,NL,92,"1,060",0,0,52,758,4,158,171,"2,412",33,241,101,"1,343",6,65,104,"1,180",12,533,178,"2,122",48,302,130,"2,230",6,20,109,1421,12,496,205,"3,518",47,480,177,3051,3,45,87,902,11,479,210,3299,12,136,101,1949,28,184,87,1230,11,342,273,4389,5,46,80,1635,53,419,102,1542,12,534,234,3745,,,279,4148,99,2802,24,587,80,717,1,2,250,4194,100,2101,8,356,50,400,0,0
PE,Perth/Dupont,NL,122,1544,0,0,102,"1,942",10,232,98,"2,279",8,32,150,"2,201",,,104,"1,556",12,448,108,"2,143",9,63,92,"1,168",,,3,63,11,112,126,"2,763",2,10,100,1410,,,15,219,12,132,55,1730,7,217,122,2421,,,36,612,10,155,106,3033,,,100,1970,8,240,51,1002,12,134,94,2850,2,2,74,1653,100,3245,12,127,7,195,0,0,73,1601,119,3806,8,258,2,60,0,0
PV,Pleasant View,NL,80,992,80,2282,56,1369,12,306,119,"2,547",8,39,148,"1,840",72,2025,95,2136,7,118,212,"4,550",15,83,174,"3,803",78,2487,19,459,,,239,"6,960",25,232,143,3326,21,2833,15,281,,,212,4200,24,314,21,618,146,2378,4,69,,,59,1541,1,26,9,268,63,2487,24,547,8,169,51,1232,2,32,123,2566,53,2114,6,110,47,3130,0,0,85,1476,28,989,5,22,39,3218,0,0
PU,Port Union,NL,104,"1,504",0,0,43,717,0,0,73,"1,531",8,17,113,"1,886",,,49,964,,,73,"1,425",3,4,105,"1,523",,,7,132,,,99,"2,302",21,296,97,1499,,,14,216,,,104,2412,27,457,105,1263,,,23,612,,,123,2596,,,123,1697,,,3,86,,,122,2325,,,233,3139,26,605,0,0,0,0,0,0,154,2850,30,1027,0,0,0,0,3,10
QS,Queen/Saulter,NL,34,1765,0,0,45,1115,0,0,222,"4,971",34,1049,74,2614,,,66,1665,,,276,"6,721",31,321,50,1975,,,19,488,,,398,"9,000",26,162,50,1586,,,17,767,,,378,8679,11,38,42,1369,,,12,389,,,406,9060,,,65,1270,,,6,98,,,357,8171,2,16,174,3973,176,4777,0,0,0,0,1,2,81,1550,243,5736,0,0,0,0,2,12
RX,Rexdale,NL,7,145,0,0,52,812,0,0,100,"1,615",32,173,16,209,,,35,505,,,129,"2,424",9,25,24,294,,,27,260,,,136,"3,030",,,62,552,,,30,331,,,113,2644,,,73,933,,,33,385,,,147,3054,,,123,1392,,,37,466,,,131,2291,,,221,3227,37,1059,0,0,0,0,1,1,169,2789,14,492,0,0,0,0,2,4
RI,Richview,DL,175,3903,13,192,313,"7,655",12,761,290,"18,593",227,1914,193,"6,442",18,180,173,"4,936",11,584,311,"14,527",63,368,180,"5,647",18,146,35,775,7,366,209,"7,902",49,352,283,6518,20,151,165,5200,9,469,253,9947,72,686,218,6180,28,232,132,4659,9,346,212,9331,52,326,87,2300,24,268,138,4827,10,282,121,2817,72,828,167,4907,62,2942,9,261,3,43,60,395,205,6699,64,3448,4,420,0,0,52,414
RD,Riverdale,NL,70,884,160,6704,91,"1,674",0,0,67,"1,386",1,22,72,"1,223",149,7173,93,1697,,,61,"1,537",24,273,69,"1,371",131,7343,64,1335,,,96,"1,790",22,222,83,1002,154,7573,43,1010,,,117,2911,3,32,69,1209,158,7092,9,358,,,113,3579,,,38,1238,127,6859,22,361,10,348,131,4116,,,192,4931,12,305,0,0,113,6626,53,148,160,3503,11,158,0,0,129,6278,39,107
RN,Runnymede,NL,239,"3,564",25,262,134,"3,345",0,0,232,"8,018",24,181,198,"3,865",7,68,42,825,,,213,"7,088",53,496,66,"1,833",,,26,357,,,100,"3,607",23,170,43,1503,,,44,1123,,,205,6622,36,265,38,1499,,,43,1145,,,198,6019,17,54,76,1943,,,25,701,,,156,5168,24,85,167,5318,55,1677,0,0,0,0,26,125,188,5773,40,900,0,0,0,0,25,152
SWS,S. Walter Stewart,DL,113,"5,040",0,0,188,"4,204",0,0,263,"8,598",51,357,142,"5,196",,,174,"4,350",,,248,"8,661",58,413,141,4776,,,103,"2,007",,,255,"10,104",49,691,111,3472,,,27,607,,,249,8728,71,602,106,3759,,,28,912,,,268,10076,36,386,103,4188,,,69,2048,9,97,229,7742,53,608,361,11695,92,3419,0,0,0,0,65,598,298,9624,97,3072,0,0,0,0,56,503
SA,Sanderson,NL,135,"2,420",34,81,445,"8,453",49,1503,153,"2,189",27,215,228,2802,51,214,325,"5,223",17,720,150,"1,853",36,819,70,944,27,137,169,3188,12,489,121,"2,158",22,1028,54,1000,23,115,68,1850,79,1533,57,1258,13,1097,68,1422,28,128,18,288,24,2004,68,1605,13,1111,65,1461,31,195,48,1883,30,2070,82,2349,,,140,3181,38,1126,32,3960,8,362,0,0,156,4441,37,1568,24,4318,9,2349,1,2
SC,Scarborough Civic Centre,NL,60,1710,0,0,48,1034,0,0,83,"2,706",95,689,55,599,,,79,"1,462",,,116,"2,629",85,666,38,502,,,33,631,,,164,"4,151",96,935,46,647,,,33,356,,,192,4532,144,1216,28,432,,,22,258,,,86,2201,80,1202,,,,,,,,,,,,,,,,,,,,,,,,,,,,,,,,
SP,Spadina Road,NL,40,593,28,174,16,262,0,0,116,1983,12,87,49,958,35,195,50,1047,,,126,3168,12,70,26,473,26,316,15,357,,,170,"4,511",17,170,34,639,,,21,719,,,157,3960,10,186,13,313,,,4,53,,,175,3819,,,14,443,,,7,261,,,133,2764,,,84,2481,51,1217,0,0,0,0,0,0,71,1792,62,1679,0,0,0,0,2,8
SI,St. Clair/Silverthorn,NL,8,211,0,0,7,115,0,0,39,852,0,0,4,37,,,1,6,,,39,587,,,25,300,,,1,37,,,102,"1,319",,,34,413,,,,,,,95,1386,1,6,24,352,,,10,119,,,159,2347,,,31,536,,,6,14,,,162,2607,12,15,61,989,12,267,5,22,0,0,9,9,67,1163,3,67,8,128,0,0,0,0
SJ,St. James Town,NL,48,500,43,454,23,395,11,421,150,"2,137",13,95,60,998,48,437,39,962,11,396,154,"2,546",,,118,2087,46,410,42,737,12,390,174,"3,052",22,133,29,514,47,492,36,858,12,804,136,2899,23,287,139,1278,49,346,2,18,12,596,99,2012,2,50,142,893,78,457,8,273,12,801,189,3705,,,72,1206,39,868,60,1055,49,313,0,0,133,3029,26,723,52,990,40,364,0,0
SL,St. Lawrence,NL,21,364,0,0,40,"1,014",0,0,186,3384,10,67,6,166,,,36,611,,,102,2038,2,13,42,595,,,19,365,,,170,3046,14,123,29,387,,,9,270,,,201,3317,2,58,26,696,,,6,203,,,141,2561,,,13,300,,,17,397,,,175,3325,,,117,2268,52,1027,0,0,0,0,0,0,39,893,41,880,0,0,0,0,0,0
ST,Steeles,NL,40,726,0,0,149,3953,3,71,41,870,28,396,11,224,,,95,2019,,,20,295,27,294,94,1454,,,94,1889,15,192,25,243,5,33,52,841,,,72,1064,7,79,65,1391,6,18,55,945,,,59,1069,,,34,919,22,80,23,695,,,82,1692,,,30,1033,,,148,2930,34,1031,1,15,0,0,0,0,123,2513,31,839,0,0,5,46,0,0
SW,Swansea Memorial,NL,1,99,0,0,5,118,0,0,47,"1,241",0,0,,,,,,,,,43,"1,544",,,1,30,,,,,,,99,"3,108",,,2,161,,,,,,,58,1417,,,3,305,,,,,,,35,1226,,,2,85,,,,,,,18,650,,,19,643,8,297,0,0,0,0,0,0,22,773,7,142,0,0,0,0,0,0
TA,Taylor Memorial,NL,64,897,0,0,19,485,0,0,99,"1,572",0,0,45,614,,,21,390,,,109,1639,12,60,29,556,,,23,308,,,100,"1,521",,,24,473,,,15,234,,,80,1715,3,58,58,792,,,12,166,,,84,1654,6,13,50,794,,,5,68,,,98,1990,,,85,1744,22,695,2,43,1,4,20,65,109,1787,38,976,5,151,0,0,0,0
TH,Thorncliffe,NL,189,4214,46,550,159,3334,12,623,68,1437,28,380,128,2507,49,535,128,2120,12,609,63,977,12,50,135,3114,53,440,89,1303,12,656,129,1806,47,1012,147,2176,75,587,103,2050,12,701,78,1029,26,435,60,2894,61,598,46,788,12,588,112,1991,3,47,84,1757,98,688,37,380,12,629,118,1841,1,6,151,2870,82,2042,12,782,123,873,0,0,156,2514,40,994,12,1314,90,847,0,0
TOD,Todmorden Room,NL,0,0,0,0,0,0,0,0,0,0,0,0,,,,,,,,,,,,,,,,,,,,,,,,,,,,,,,,,,,,,,,,,,,,,,,,,,,,,,,,,,,,,0,0,0,0,0,0,0,0,0,0,0,0,0,0,0,0,0,0,0,0
VV,Victoria Village,NL,38,"1,087",0,0,42,888,0,0,110,"2,349",8,108,43,"1,209",,,29,686,,,91,"1,931",,,38,978,,,27,701,,,105,"1,826",13,212,29,673,,,6,93,,,124,2876,,,17,447,,,5,92,,,116,2498,1,7,17,457,,,4,134,,,127,2278,,,66,1593,40,996,0,0,0,0,0,0,107,1836,78,1997,0,0,0,0,0,0
WE,Weston,NL,157,"1,954",0,0,28,644,11,201,147,"2,394",0,0,157,"1,954",3,19,51,786,11,160,134,"2,355",4,20,127,"1,202",,,36,573,12,152,110,"2,249",12,131,124,1723,42,121,35,694,12,248,163,3591,,,82,1396,25,89,41,1043,11,89,131,2683,,,70,2448,33,166,14,288,8,134,146,3022,1,15,165,3114,83,1733,11,225,39,276,7,31,187,3766,171,3899,8,393,0,0,0,0
WS,Woodside Square,NL,58,"1,716",0,0,108,"2,712",0,0,319,"10,702",28,262,53,"1,469",,,112,2823,,,257,"9,149",12,113,67,"1,730",,,63,1616,,,287,"11,188",2,35,71,2014,,,82,1966,,,350,14048,19,478,57,1785,8,49,76,2566,,,208,5329,7,208,72,2482,40,881,64,1745,,,177,4927,2,71,238,5913,48,1827,1,56,41,1022,0,0,161,4057,33,1225,0,0,36,757,0,0
WP,Woodview Park,NL,275,3879,0,0,89,"1,391",12,146,118,2775,17,221,157,2406,,,51,898,7,106,132,"4,244",2,15,160,"1,992",,,25,519,10,162,158,"3,578",10,48,59,755,,,8,214,12,96,159,3135,,,15,309,,,11,405,12,87,153,3310,2,110,9,327,,,10,242,12,123,81,1351,,,11,399,71,1654,11,162,0,0,0,0,16,597,78,1450,7,155,0,0,0,0
WY,Wychwood,NL,0,0,0,0,0,0,0,0,25,445,0,0,5,126,,,5,129,,,124,"3,496",,,46,"1,039",,,4,39,,,231,"5,771",,,36,1039,,,23,410,,,226,5767,15,258,16,569,,,10,270,,,291,9009,,,5,199,,,6,200,,,222,6744,,,242,8783,26,653,0,0,0,0,0,0,192,7681,33,709,0,0,0,0,0,0
YW,York Woods,DL,316,5626,29,261,147,3140,7,156,112,"2,755",53,278,446,"8,763",55,490,342,7572,11,280,89,"1,924",116,728,520,"11,121",72,395,445,"10,547",12,413,185,"4,283",140,906,544,14865,35,310,330,8561,55,1871,146,4056,165,1454,395,13217,36,391,158,3061,8,277,181,4539,114,1334,251,9259,87,731,137,4828,11,308,121,3387,81,812,203,6554,112,4612,23,269,76,915,90,825,276,9866,89,3821,49,3182,91,1808,38,407
YO,Yorkville,NL,33,976,0,0,111,"1,792",0,0,305,8036,19,166,76,"1,354",,,70,977,,,270,"7,991",23,158,80,"1,196",,,93,"1,193",,,282,"8,181",2,2,57,701,,,108,1572,,,239,6759,6,10,141,2877,,,26,509,,,237,4996,15,70,34,944,,,8,192,,,157,2677,10,29,179,3232,61,1084,0,0,0,0,8,33,140,2395,42,969,0,0,2,30,0,0
TRL,Toronto Reference Library,RR,294,15857,14,186,235,10406,0,0,179,10937,588,7792,349,11208,23,223,220,11287,,,194,14845,468,8025,337,9805,25,360,165,9661,0,0,186,15506,486,8030,185,8486,1,40,205,12659,0,0,165,12802,599,8634,102,7205,0,0,196,13843,0,0,144,14983,663,10403,104,10653,29,562,218,12066,,,111,8746,680,11472,366,26769,255,4971,0,0,79,1160,360,5328,303,24691,198,4791,0,0,86,1669,294,4263
UA,Urban Affairs,RR,0,0,0,0,0,0,0,0,0,0,0,0,,,,,,,,,,,,,,,,,,,,,,,,,,,,,,,,,,,,,,,,,,,,,,,,,,,,,,,,,,,,,,,,,,,,,,,0,0,0,0,0,0,0,0,0,0
MC,Merril Collection,RR,3,135,0,0,0,0,0,0,16,339,1,2,2,65,,,,,,,13,586,,,5,109,,,,,,,8,234,13,243,2,16,,,,,,,39,433,,,11,254,,,,,,,12,264,,,16,711,,,,,,,3,144,2,50,17,1238,3,65,0,0,0,0,0,0,14,472,1,9,0,0,0,0,0,0
OC,Osborne Collection,RR,0,0,0,0,0,0,0,0,36,753,4,25,7,277,,,,,,,28,708,11,116,,,,,,,,,32,663,21,399,6,356,,,,,,,44,581,19,328,2,139,,,1,8,,,10,250,43,730,6,314,,,12,189,,,5,197,43,800,2,300,1,24,0,0,0,0,0,0,4,527,24,517,4,119,4,28,0,0
IL,Interloan,RR,0,0,0,0,0,0,0,0,0,0,0,0,,,,,,,,,,,,,,,,,,,,,,,,,,,,,,,,,,,,,,,,,,,,,,,,,,,,,,,,,,,,,,,,,,,,,,,0,0,0,0,0,0,0,0,0,0
AL,Answerline,RR,0,0,0,0,0,0,0,0,0,0,0,0,,,,,,,,,,,,,,,,,,,,,,,,,,,,,,,,,,,,,,,,,,,,,,,,,,,,,,,,,,,,,,,,,,,,,,,0,0,0,0,0,0,0,0,0,0
NYCL,North York Central,RR,220,13093,132,8732,402,12868,0,0,334,18689,582,4975,86,3511,34,2298,129,4087,,,174,10865,563,13557,0,0,0,0,24,799,0,0,124,3588,654,19321,166,10807,161,13001,347,11772,7,139,377,20234,584,13872,204,12023,234,20808,355,11277,10,739,408,24424,504,10951,268,13019,241,23419,201,7261,58,1431,498,25869,653,16688,718,42269,869,25724,9,585,240,20776,189,2260,732,38516,868,23960,1,10,238,17307,170,1532
BO,Bookmobile,CWS,1,20,0,0,0,0,0,0,0,0,0,0,11,183,,,,,,,2,8,11,93,,,,,,,,,,,7,109,,,,,,,,,,,1,31,,,,,,,,,12,243,,,,,,,,,,,47,872,,,5,474,25,680,0,0,0,0,0,0,0,0,5,235,0,0,0,0,0,0
HLS,Home Library Service,CWS,0,0,0,0,0,0,0,0,0,0,0,0,,,,,,,,,6,19,,,,,,,,,,,16,77,1,8,,,,,11,443,,,16,64,,,,,,,20,876,,,20,100,,,,,,,21,897,,,19,87,,,44,1401,0,0,0,0,0,0,0,0,33,690,0,0,0,0,0,0,0,0
ALD,Adult Literacy Department,CWS,25,267,0,0,128,1003,109,4439,79,487,12,65,,,,,163,1085,129,5213,46,345,9,81,,,,,29,201,173,5387,71,420,9,61,,,,,5,46,194,6307,30,287,13,167,,,,,,,189,6409,18,512,7,99,,,,,,,259,7545,,,,,0,0,0,0,193,6808,0,0,0,0,0,0,0,0,180,6836,0,0,0,0
SH,Sunnybrook Hospital,CWS,0,0,0,0,0,0,0,0,81,"1,390",0,0,,,,,,,,,73,"1,151",,,,,,,,,,,78,"1,277",,,,,,,,,,,68,990,1,8,,,,,,,,,78,1178,,,,,,,,,,,82,1132,,,82,1118,9,164,0,0,0,0,0,0,70,902,4,63,0,0,0,0,0,0
DS,Departmental Staff,OT,0,0,0,0,6,119,0,0,1,99,451,13963,,,,,,,,,2,522,295,8967,,,,,,,,,,,,,,,,,,,,,,,,,,,,,,,,,,,,,,,,,1,45,,,22,810,,,46,932,1,20,0,0,0,0,0,0,7,181,35,653,0,0,0,0,0,0
,Grand Total,,10874,220901,2181,54150,11844,262773,626,20908,14042,371474,5369,55927,12502,242007,2287,55191,11193,247886,641,23132,14855,388865,5055,60128,11271,228288,2345,63549,7505,158813,640,21616,15890,421468,4839,64997,10637,228548,2485,78994,6224,145190,1094,31636,16298,425846,4036,51810,8681,207672,2488,83132,5880,140981,922,30202,16033,419688,3076,43742,7261,189024,2540,78174,5544,129981,812,27671,14915,382494,2729,42742,18500,473298,6965,203346,1224,35453,2372,79187,1860,16837,16933,450478,6420,182589,1094,40466,2097,82208,1531,13793
,,,,,,,,,,,,,,,,,,,,,,,,,,,,,,,,,,,,,,,,,,,,,,,,,,,,,,,,,,,,,,,,,,,,,,,,,,,,,,,,,,,,Bookmobile One,0,0,5,235,0,0,0,0,0,0
,,,,,,,,,,,,,,,,,,,,,,,,,,,,,,,,,,,,,,,,,,,,,,,,,,,,,,,,,,,,,,,,,,,,,,,,,,,,,,,,,,,,Bookmobile Two,0,0,0,0,0,0,0,0,0,0
,,,,,,,,,,,,,,,,,,,,,,,,,,,,,,,,,,,,,,,,,,,,,,,,,,,,,,,,,,,,,,,,,,,,,,,,,,,,,,,,,,,,,,,,,,,,,,
,,,,,,,,,,,,,,,,,,,,,,,,,,,,,,,,,,,,,,,,,,,,,,,,,,,,,,,,,,,,,,,,,,,,,,,,,,,,,,,,,,,,,,,,,,,,,,
,,,,,,,,,,,,,,,,,,,,,,,,,,,,,,,,,,,,,,,,,,,,,,,,,,,,,,,,,,,,,,,,,,,,,,,,,,,,,,,,,,,,,,,,,,,,,,
,,,,,,,,,,,,,,,,,,,,,,,,,,,,,,,,,,,,,,,,,,,,,,,,,,,,,,,,,,,,,,,,,,,,,,,,,,,,,,,,,,,,,,,,,,,,,,Home Library East
,,,,,,,,,,,,,,,,,,,,,,,,,,,,,,,,,,,,,,,,,,,,,,,,,,,,,,,,,,,,,,,,,,,,,,,,,,,,,,,,,,,,,,,,,,,,,,Home Library North
,,,,,,,,,,,,,,,,,,,,,,,,,,,,,,,,,,,,,,,,,,,,,,,,,,,,,,,,,,,,,,,,,,,,,,,,,,,,,,,,,,,,,,,,,,,,,,Home Library South
,,,,,,,,,,,,,,,,,,,,,,,,,,,,,,,,,,,,,,,,,,,,,,,,,,,,,,,,,,,,,,,,,,,,,,,,,,,,,,,,,,,,,,,,,,,,,,Home Library West
